brand,model,year,price,mileage,fuelType,transmission,engineSize
Toyota,Fortuner,2025,"Rp240,000,000","99,000",Bensin,Automatic,2400
Toyota,Avanza,2023,"Rp270,000,000","27,966",Bensin,Automatic,1300
Toyota,Fortuner,2023,"Rp480,000,000","1,000",Diesel,Automatic,2400
Toyota,Avanza,2022,"Rp190,000,000","150,000",Bensin,Manual,1300
Toyota,Innova,2022,"Rp355,000,000","39,000",Bensin,Automatic,2000
Toyota,Agya,2021,"Rp135,000,000","48,000",Bensin,Automatic,1200
Toyota,Avanza,2021,"Rp173,000,000","73,150",Bensin,Automatic,1300
Toyota,Agya,2020,"Rp145,000,000","42,248",Bensin,Automatic,1200
Toyota,Calya,2019,"Rp128,000,000","53,048",Bensin,Manual,1200
Toyota,Calya,2019,"Rp110,000,000","129,262",Bensin,Manual,1200
Toyota,Rush,2019,"Rp215,000,000","99,000",Bensin,Automatic,1500
Toyota,Calya,2018,"Rp110,000,000","103,000",Bensin,Automatic,1200
Toyota,Avanza,2018,"Rp150,000,000","96,807",Bensin,Automatic,1300
Toyota,Avanza,2018,"Rp140,000,000","100,000",Bensin,Manual,1300
Toyota,Innova,2018,"Rp325,000,000","89,305",Diesel,Automatic,2400
Toyota,Fortuner,2018,"Rp385,000,000","121,358",Diesel,Automatic,2400
Toyota,Avanza,2017,"Rp130,000,000","145,731",Bensin,Automatic,1300
Toyota,Avanza,2017,"Rp150,000,000","130,129",Bensin,Automatic,1300
Toyota,Agya,2017,"Rp105,000,000","116,000",Bensin,Automatic,1000
Toyota,Agya,2016,"Rp95,000,000","44,035",Bensin,Automatic,1000
Toyota,Avanza,2016,"Rp140,000,000","86,000",Bensin,Automatic,1300
Toyota,Calya,2016,"Rp115,000,000","141,799",Bensin,Automatic,1200
Toyota,Agya,2016,"Rp120,000,000","153,258",Bensin,Manual,1000
Toyota,Avanza,2016,"Rp145,000,000","120,000",Bensin,Automatic,1300
Toyota,Avanza,2015,"Rp125,000,000","132,000",Bensin,Manual,1300
Toyota,Agya,2015,"Rp88,000,000","167,698",Bensin,Automatic,1000
Toyota,Avanza,2015,"Rp126,000,000","106,846",Bensin,Automatic,1300
Toyota,Avanza,2014,"Rp130,000,000","172,177",Bensin,Manual,1300
Toyota,Innova,2014,"Rp160,000,000","162,692",Bensin,Automatic,2000
Toyota,Avanza,2014,"Rp130,000,000","120,000",Bensin,Automatic,1300
Toyota,Innova,2014,"Rp225,000,000","172,167",Diesel,Automatic,2400
Toyota,Innova,2013,"Rp165,000,000","128,335",Bensin,Automatic,2000
Toyota,Yaris,2012,"Rp140,000,000","99,000",Bensin,Automatic,1500
Toyota,Fortuner,2012,"Rp240,000,000","124,098",Diesel,Automatic,2400
Toyota,Innova,2008,"Rp175,000,000","191,225",Diesel,Automatic,2400
Toyota,Innova,2007,"Rp100,000,000","200,000",Bensin,Automatic,2000
Toyota,Calya,2022,"Rp133,000,000","29,048",Bensin,Automatic,1200
Toyota,Calya,2023,"Rp148,000,000","28,521",Bensin,Manual,1200
Toyota,Calya,2018,"Rp115,000,000","119,826",Bensin,Manual,1200
Toyota,Calya,2016,"Rp102,000,000","177,000",Bensin,Automatic,1200
Toyota,Agya,2016,"Rp103,000,000","86,170",Bensin,Automatic,1000
Toyota,Calya,2020,"Rp133,000,000","53,048",Bensin,Automatic,1200
Toyota,Agya,2016,"Rp100,000,000","116,490",Bensin,Automatic,1000
Toyota,Alphard,2015,"Rp680,000,000","38,000",Bensin,Automatic,2500
Toyota,Alphard,2009,"Rp200,000,000","130,000",Bensin,Automatic,2500
Toyota,Raize,2023,"Rp240,000,000","18,292",Bensin,Automatic,1000
Toyota,Raize,2021,"Rp237,000,000","49,000",Bensin,Automatic,1000
Toyota,Raize,2023,"Rp2,329,000,000","18,088",Bensin,Automatic,1000
Toyota,Avanza,2023,"Rp210,000,000","88,407",Bensin,Automatic,1300
Toyota,Calya,2021,"Rp120,000,000","70,513",Bensin,Manual,1200
Toyota,Calya,2017,"Rp110,000,000","85,000",Bensin,Automatic,1200
Toyota,Avanza,2015,"Rp115,000,000","110,000",Bensin,Manual,1300
Toyota,Avanza,2015,"Rp125,000,000","92,000",Bensin,Manual,1300
Toyota,Innova,2014,"Rp155,000,000","93,016",Bensin,Automatic,2000
Toyota,Yaris,2013,"Rp120,000,000","112,671",Bensin,Automatic,1500
Toyota,Fortuner,2025,"Rp640,000,000","4,000",Diesel,Automatic,2400
Toyota,Avanza,2024,"Rp237,000,000","9,000",Bensin,Manual,1300
Toyota,Rush,2024,"Rp290,000,000","1,000",Bensin,Automatic,1500
Toyota,Innova,2024,"Rp397,000,000","44,000",Diesel,Automatic,2400
Toyota,Innova,2024,"Rp429,000,000","22,000",Diesel,Automatic,2400
Toyota,Innova,2024,"Rp410,000,000","14,000",Diesel,Automatic,2400
Toyota,Rush,2023,"Rp265,000,000","19,000",Bensin,Automatic,1500
Toyota,Innova,2023,"Rp398,000,000","13,000",Diesel,Automatic,2400
Toyota,Agya,2022,"Rp162,000,000","38,000",Bensin,Automatic,1200
Toyota,Avanza,2022,"Rp255,000,000","33,000",Bensin,Automatic,1300
Toyota,Yaris,2022,"Rp255,000,000","12,000",Bensin,Automatic,1500
Toyota,Innova,2022,"Rp423,000,000","17,000",Diesel,Automatic,2400
Toyota,Fortuner,2022,"Rp540,000,000","43,000",Diesel,Automatic,2400
Toyota,Fortuner,2022,"Rp545,000,000","18,000",Diesel,Automatic,2400
Toyota,Fortuner,2022,"Rp565,000,000","30,000",Diesel,Automatic,2400
Toyota,Avanza,2021,"Rp220,000,000","12,000",Bensin,Automatic,1300
Toyota,Rush,2021,"Rp193,000,000","38,000",Bensin,Automatic,1500
Toyota,Fortuner,2021,"Rp485,000,000","49,000",Diesel,Automatic,2400
Toyota,Innova,2019,"Rp255,000,000","60,000",Bensin,Automatic,2000
Toyota,Fortuner,2016,"Rp370,000,000","54,000",Diesel,Automatic,2400
Toyota,Innova,2024,"Rp415,000,000","12,000",Diesel,Automatic,2400
Toyota,Avanza,2023,"Rp245,000,000","8,000",Bensin,Automatic,1300
Toyota,Fortuner,2023,"Rp550,000,000","40,000",Diesel,Automatic,2400
Toyota,Avanza,2022,"Rp275,000,000","39,000",Bensin,Automatic,1300
Toyota,Avanza,2022,"Rp220,000,000","36,000",Bensin,Automatic,1300
Toyota,Fortuner,2022,"Rp530,000,000","53,000",Diesel,Automatic,2400
Toyota,Fortuner,2022,"Rp644,000,000","55,000",Diesel,Automatic,2400
Toyota,Yaris,2021,"Rp230,000,000","27,000",Bensin,Automatic,1500
Toyota,Innova,2021,"Rp425,000,000","44,000",Diesel,Automatic,2400
Toyota,Calya,2019,"Rp127,000,000","109,000",Bensin,Automatic,1200
Toyota,Innova,2019,"Rp280,000,000","66,000",Bensin,Automatic,2000
Toyota,Fortuner,2019,"Rp407,000,000","67,000",Diesel,Automatic,2400
Toyota,Innova,2019,"Rp390,000,000","34,000",Diesel,Automatic,2400
Toyota,Avanza,2018,"Rp163,000,000","40,000",Bensin,Automatic,1300
Toyota,Innova,2017,"Rp288,000,000","50,000",Bensin,Automatic,2000
Toyota,Yaris,2016,"Rp155,000,000","35,000",Bensin,Automatic,1500
Toyota,Innova,2016,"Rp225,000,000","141,000",Bensin,Automatic,2000
Toyota,Avanza,2015,"Rp152,000,000","110,000",Bensin,Automatic,1300
Toyota,Innova,2013,"Rp258,000,000","128,000",Diesel,Automatic,2400
Toyota,Innova,2009,"Rp185,000,000","180,000",Diesel,Automatic,2400
Toyota,Fortuner,2008,"Rp180,000,000","153,393",Diesel,Manual,2400
Toyota,Agya,2024,"Rp175,000,000","4,328",Bensin,Automatic,1200
Toyota,Innova,2024,"Rp419,000,000","4,121",Diesel,Automatic,2400
Toyota,Avanza,2023,"Rp265,000,000","16,000",Bensin,Automatic,1300
Toyota,Avanza,2023,"Rp230,000,000","5,000",Bensin,Automatic,1300
Toyota,Innova,2023,"Rp425,000,000","11,492",Diesel,Automatic,2400
Toyota,Rush,2022,"Rp213,000,000","66,001",Bensin,Automatic,1500
Toyota,Calya,2022,"Rp165,000,000","25,000",Bensin,Automatic,1200
Toyota,Rush,2022,"Rp253,000,000","19,000",Bensin,Automatic,1500
Toyota,Innova,2022,"Rp320,000,000","61,000",Bensin,Automatic,2000
Toyota,Innova,2022,"Rp430,000,000","48,235",Diesel,Automatic,2400
Toyota,Fortuner,2022,"Rp455,000,000","50,000",Diesel,Automatic,2400
Toyota,Innova,2022,"Rp4,377,000,000","69,005",Diesel,Automatic,2400
Toyota,Fortuner,2022,"Rp507,000,000","38,000",Diesel,Automatic,2400
Toyota,Fortuner,2022,"Rp558,000,000","22,927",Diesel,Automatic,2400
Toyota,Fortuner,2022,"Rp555,000,000","27,000",Diesel,Automatic,2400
Toyota,Yaris,2021,"Rp248,000,000","43,092",Bensin,Automatic,1500
Toyota,Avanza,2021,"Rp215,000,000","48,000",Bensin,Automatic,1300
Toyota,Innova,2021,"Rp300,000,000","63,000",Bensin,Automatic,2000
Toyota,Rush,2021,"Rp255,000,000","15,020",Bensin,Manual,1500
Toyota,Innova,2021,"Rp326,000,000","15,001",Bensin,Automatic,2000
Toyota,Innova,2021,"Rp355,000,000","60,003",Bensin,Automatic,2000
Toyota,Fortuner,2021,"Rp508,000,000","31,295",Diesel,Automatic,2400
Toyota,Fortuner,2021,"Rp468,000,000","21,000",Diesel,Automatic,2400
Toyota,Rush,2020,"Rp225,000,000","40,000",Bensin,Automatic,1500
Toyota,Avanza,2020,"Rp220,000,000","19,489",Bensin,Automatic,1300
Toyota,Innova,2020,"Rp285,000,000","60,000",Bensin,Automatic,2000
Toyota,Fortuner,2020,"Rp4,555,000,000","68,890",Diesel,Automatic,2400
Toyota,Rush,2019,"Rp218,000,000","42,494",Bensin,Automatic,1500
Toyota,Innova,2019,"Rp358,000,000","24,267",Diesel,Automatic,2400
Toyota,Fortuner,2019,"Rp4,155,000,000","91,253",Diesel,Automatic,2400
Toyota,Innova,2019,"Rp348,000,000","28,912",Diesel,Automatic,2400
Toyota,Calya,2018,"Rp120,000,000","271,000",Bensin,Automatic,1200
Toyota,Agya,2018,"Rp115,000,000","95,404",Bensin,Automatic,1200
Toyota,Rush,2018,"Rp185,000,000","100,003",Bensin,Automatic,1500
Toyota,Innova,2018,"Rp265,000,000","60,000",Bensin,Automatic,2000
Toyota,Innova,2018,"Rp265,000,000","39,713",Bensin,Automatic,2000
Toyota,Innova,2018,"Rp260,000,000","12,345",Bensin,Automatic,2000
Toyota,Avanza,2017,"Rp159,000,000","100,021",Bensin,Manual,1300
Toyota,Avanza,2017,"Rp133,000,000","86,119",Bensin,Automatic,1300
Toyota,Rush,2017,"Rp198,000,000","53,184",Bensin,Automatic,1500
Toyota,Innova,2017,"Rp300,000,000","78,000",Bensin,Automatic,2000
Toyota,Yaris,2016,"Rp210,000,000","1,673",Bensin,Automatic,1500
Toyota,Innova,2016,"Rp295,000,000","90,002",Diesel,Automatic,2400
Toyota,Fortuner,2016,"Rp340,000,000","100,000",Diesel,Automatic,2400
Toyota,Avanza,2015,"Rp108,000,000","110,001",Bensin,Manual,1300
Toyota,Innova,2015,"Rp218,000,000","100,369",Bensin,Automatic,2000
Toyota,Fortuner,2015,"Rp315,000,000","135,254",Diesel,Automatic,2400
Toyota,Agya,2014,"Rp945,000,000","115,002",Bensin,Automatic,1000
Toyota,Agya,2014,"Rp935,000,000","115,506",Bensin,Automatic,1000
Toyota,Yaris,2013,"Rp135,000,000","80,000",Bensin,Automatic,1500
Toyota,Fortuner,2013,"Rp280,000,000","78,001",Diesel,Automatic,2400
Toyota,Fortuner,2013,"Rp245,000,000","112,000",Diesel,Automatic,2400
Toyota,Avanza,2012,"Rp118,000,000","121,541",Bensin,Manual,1300
Toyota,Innova,2012,"Rp146,000,000","169,919",Bensin,Automatic,2000
Toyota,Yaris,2011,"Rp99,000,000","152,157",Bensin,Automatic,1500
Toyota,Rush,2011,"Rp117,000,000","98,290",Bensin,Automatic,1500
Toyota,Rush,2011,"Rp128,000,000","118,870",Bensin,Automatic,1500
Toyota,Rush,2010,"Rp110,000,000","99,532",Bensin,Automatic,1500
Toyota,Fortuner,2010,"Rp205,000,000","135,034",Bensin,Manual,2400
Toyota,Fortuner,2010,"Rp205,000,000","135,036",Bensin,Automatic,2400
Toyota,Yaris,2009,"Rp95,000,000","181,631",Bensin,Manual,1500
Toyota,Innova,2009,"Rp118,000,000","177,794",Bensin,Automatic,2000
Toyota,Innova,2023,"Rp397,000,000","30,000",Diesel,Automatic,2400
Toyota,Calya,2022,"Rp147,000,000","75,000",Bensin,Automatic,1200
Toyota,Yaris,2022,"Rp240,000,000","34,000",Bensin,Automatic,1500
Toyota,Avanza,2022,"Rp200,000,000","30,000",Bensin,Manual,1300
Toyota,Avanza,2022,"Rp254,000,000","35,000",Bensin,Automatic,1300
Toyota,Innova,2022,"Rp319,000,000","44,000",Bensin,Automatic,2000
Toyota,Fortuner,2021,"Rp470,000,000","66,000",Diesel,Automatic,2400
Toyota,Avanza,2019,"Rp187,000,000","25,000",Bensin,Manual,1300
Toyota,Innova,2018,"Rp338,000,000","28,461",Diesel,Automatic,2400
Toyota,Fortuner,2018,"Rp417,000,000","47,000",Diesel,Automatic,2400
Toyota,Calya,2016,"Rp110,000,000","83,000",Bensin,Automatic,1200
Toyota,Avanza,2015,"Rp135,000,000","103,000",Bensin,Automatic,1300
Toyota,Avanza,2023,"Rp219,000,000","28,000",Bensin,Automatic,1300
Toyota,Innova,2023,"Rp390,000,000","34,000",Diesel,Automatic,2400
Toyota,Fortuner,2023,"Rp600,000,000","65,000",Diesel,Automatic,2400
Toyota,Avanza,2022,"Rp257,000,000","36,000",Bensin,Automatic,1300
Toyota,Avanza,2022,"Rp270,000,000","25,000",Bensin,Automatic,1300
Toyota,Avanza,2022,"Rp260,000,000","26,000",Bensin,Automatic,1300
Toyota,Avanza,2022,"Rp255,000,000","63,000",Bensin,Automatic,1300
Toyota,Fortuner,2022,"Rp520,000,000","53,000",Diesel,Automatic,2400
Toyota,Fortuner,2022,"Rp582,000,000","28,000",Diesel,Automatic,2400
Toyota,Fortuner,2022,"Rp498,000,000","58,173",Diesel,Automatic,2400
Toyota,Fortuner,2022,"Rp630,000,000","53,000",Diesel,Automatic,2400
Toyota,Calya,2021,"Rp137,000,000","70,649",Bensin,Automatic,1200
Toyota,Innova,2021,"Rp322,000,000","26,000",Bensin,Automatic,2000
Toyota,Avanza,2021,"Rp260,000,000","16,000",Bensin,Automatic,1300
Toyota,Fortuner,2021,"Rp465,000,000","60,000",Diesel,Automatic,2400
Toyota,Avanza,2020,"Rp190,000,000","46,000",Bensin,Manual,1300
Toyota,Fortuner,2020,"Rp472,000,000","68,000",Diesel,Automatic,2400
Toyota,Avanza,2017,"Rp167,000,000","55,000",Bensin,Automatic,1300
Toyota,Calya,2016,"Rp107,000,000","51,180",Bensin,Automatic,1200
Toyota,Rush,2014,"Rp130,000,000","120,000",Bensin,Automatic,1500
Toyota,Fortuner,2014,"Rp318,000,000","79,467",Diesel,Automatic,2400
Toyota,Fortuner,2012,"Rp205,000,000","75,000",Diesel,Automatic,2400
Toyota,Innova,2024,"Rp418,000,000","10,162",Diesel,Automatic,2400
Toyota,Agya,2023,"Rp145,000,000","32,637",Bensin,Automatic,1200
Toyota,Avanza,2023,"Rp229,000,000","17,328",Bensin,Manual,1300
Toyota,Calya,2022,"Rp135,000,000","28,006",Bensin,Automatic,1200
Toyota,Avanza,2020,"Rp139,000,000","82,392",Bensin,Manual,1300
Toyota,Calya,2019,"Rp115,000,000","80,813",Bensin,Manual,1200
Toyota,Avanza,2019,"Rp115,000,000","296,488",Bensin,Automatic,1300
Toyota,Avanza,2019,"Rp169,000,000","99,135",Bensin,Manual,1300
Toyota,Avanza,2019,"Rp143,000,000","90,001",Bensin,Manual,1300
Toyota,Fortuner,2018,"Rp438,000,000","60,752",Diesel,Automatic,2400
Toyota,Avanza,2017,"Rp159,000,000","91,343",Bensin,Automatic,1300
Toyota,Yaris,2016,"Rp178,000,000","12,491",Bensin,Automatic,1500
Toyota,Rush,2013,"Rp134,000,000","121,344",Bensin,Automatic,1500
Toyota,Avanza,2012,"Rp111,000,000","120,001",Bensin,Manual,1300
Toyota,Innova,2009,"Rp185,000,000","177,002",Bensin,Automatic,2000
Toyota,Innova,2015,"Rp160,000,000","214,990",Bensin,Automatic,2000
Toyota,Yaris,2010,"Rp995,000,000","110,958",Bensin,Manual,1500
Toyota,Avanza,2023,"Rp248,000,000","9,915",Bensin,Automatic,1300
Toyota,Calya,2016,"Rp97,000,000","270,278",Bensin,Manual,1200
Toyota,Avanza,2015,"Rp115,000,000","102,186",Bensin,Manual,1300
Toyota,Rush,2014,"Rp125,000,000","120,001",Bensin,Automatic,1500
Toyota,Avanza,2021,"Rp238,000,000","7,620",Bensin,Automatic,1300
Toyota,Calya,2018,"Rp109,000,000","131,128",Bensin,Automatic,1200
Toyota,Alphard,2023,"Rp105,000,000","15,169",Bensin,Automatic,2500
Toyota,Sienta,2020,"Rp300,000,000","33,000",Bensin,Automatic,1500
Toyota,Alphard,2019,"Rp750,000,000","100,000",Bensin,Automatic,2500
Toyota,Sienta,2018,"Rp185,000,000","59,063",Bensin,Automatic,1500
Toyota,Alphard,2017,"Rp665,000,000","47,000",Bensin,Automatic,2500
Toyota,Alphard,2014,"Rp330,000,000","88,000",Bensin,Automatic,2500
Toyota,Sienta,2017,"Rp185,000,000","80,000",Bensin,Automatic,1500
Toyota,Alphard,2007,"Rp140,000,000","149,000",Bensin,Automatic,2500
Toyota,Alphard,2020,"Rp798,000,000","20,000",Bensin,Automatic,2500
Toyota,Alphard,2019,"Rp995,000,000","60,001",Bensin,Automatic,2500
Toyota,Sienta,2017,"Rp178,000,000","34,120",Bensin,Automatic,1500
Toyota,Sienta,2017,"Rp160,000,000","60,000",Bensin,Automatic,1500
Toyota,Sienta,2016,"Rp185,000,000","6,769",Bensin,Manual,1500
Toyota,Sienta,2016,"Rp135,000,000","86,527",Bensin,Manual,1500
Toyota,Alphard,2016,"Rp489,000,000","80,000",Bensin,Automatic,2500
Toyota,Alphard,2015,"Rp585,000,000","52,000",Bensin,Automatic,2500
Toyota,Alphard,2014,"Rp350,000,000","160,001",Bensin,Automatic,2500
Toyota,Alphard,2010,"Rp205,000,000","114,000",Bensin,Automatic,2500
Toyota,Alphard,2004,"Rp175,000,000","20,000",Bensin,Automatic,2500
Toyota,Alphard,2023,"Rp1,300,000,000","33,000",Bensin,Automatic,2500
Toyota,Alphard,2020,"Rp760,000,000","64,191",Bensin,Automatic,2500
Toyota,Alphard,2024,"Rp1,755,000,000","1,000",Bensin,Automatic,2500
Toyota,Alphard,2022,"Rp1,505,000,000","61,000",Bensin,Automatic,2500
Toyota,Alphard,2022,"Rp1,575,000,000","34,000",Bensin,Automatic,2500
Toyota,Alphard,2022,"Rp114,000,000","23,000",Bensin,Automatic,2500
Toyota,Sienta,2016,"Rp163,000,000","31,000",Bensin,Automatic,1500
Toyota,Alphard,2015,"Rp520,000,000","124,000",Bensin,Automatic,2500
Toyota,Raize,2024,"Rp255,000,000","3,000",Bensin,Automatic,1000
Toyota,Innova,2024,"Rp380,000,000","11,000",Bensin,Automatic,2000
Toyota,Innova,2024,"Rp428,000,000","11,000",Diesel,Automatic,2000
Toyota,Innova,2024,"Rp600,000,000","12,000",Bensin,Automatic,2000
Toyota,Alphard,2024,"Rp111,000,000","24,000",Bensin,Automatic,2500
Toyota,Yaris,2023,"Rp370,000,000","16,000",Bensin,Automatic,1500
Toyota,Innova,2023,"Rp425,000,000","28,000",Bensin,Automatic,2000
Toyota,Innova,2023,"Rp465,000,000","42,000",Diesel,Automatic,2000
Toyota,Innova,2023,"Rp410,000,000","30,000",Bensin,Automatic,2000
Toyota,Innova,2023,"Rp560,000,000","9,000",Bensin,Automatic,2000
Toyota,Innova,2023,"Rp555,000,000","36,000",Diesel,Automatic,2000
Toyota,Voxy,2022,"Rp410,000,000","52,000",Bensin,Automatic,2000
Toyota,Vellfire,2022,"Rp995,000,000","21,000",Bensin,Automatic,2500
Toyota,Yaris,2023,"Rp380,000,000","11,000",Bensin,Automatic,1500
Toyota,Hiace,2023,"Rp695,000,000","28,000",Diesel,Manual,2800
Toyota,Hiace,2023,"Rp735,000,000","30,000",Diesel,Manual,2800
Toyota,Yaris,2022,"Rp390,000,000","3,000",Bensin,Automatic,1500
Toyota,Voxy,2021,"Rp375,000,000","52,000",Bensin,Automatic,2000
Toyota,Innova,2021,"Rp465,000,000","57,000",Diesel,Automatic,2400
Toyota,Voxy,2020,"Rp365,000,000","63,582",Bensin,Automatic,2000
Toyota,Vellfire,2017,"Rp630,000,000","62,000",Bensin,Automatic,2500
Toyota,Yaris,2024,"Rp410,000,000","10,616",Bensin,Automatic,1500
Toyota,Yaris,2023,"Rp363,000,000","19,000",Bensin,Automatic,1500
Toyota,Innova,2023,"Rp460,000,000","40,575",Bensin,Automatic,2000
Toyota,Innova,2023,"Rp440,000,000","27,000",Diesel,Automatic,2000
Toyota,Innova,2023,"Rp525,000,000","14,000",Bensin,Automatic,2000
Toyota,Raize,2022,"Rp228,000,000","19,323",Bensin,Automatic,1000
Toyota,Innova,2022,"Rp493,000,000","48,000",Diesel,Automatic,2400
Toyota,Innova,2022,"Rp528,000,000","45,339",Diesel,Automatic,2400
Toyota,Raize,2021,"Rp206,000,000","37,756",Bensin,Automatic,1000
Toyota,Raize,2021,"Rp205,000,000","25,000",Bensin,Automatic,1000
Toyota,Innova,2021,"Rp358,000,000","58,000",Bensin,Automatic,2000
Toyota,Voxy,2020,"Rp345,000,000","49,358",Bensin,Automatic,2000
Toyota,Hilux,2019,"Rp300,000,000","50,000",Diesel,Manual,2400
Toyota,Hiace,2019,"Rp600,000,000","98,002",Diesel,Manual,2800
Toyota,Voxy,2018,"Rp275,000,000","57,000",Bensin,Automatic,2000
Toyota,Vellfire,2018,"Rp780,000,000","43,000",Bensin,Automatic,2500
Toyota,Vellfire,2013,"Rp305,000,000","113,001",Bensin,Automatic,2500
Toyota,Vellfire,2011,"Rp328,000,000","29,319",Bensin,Automatic,2500
Toyota,Vellfire,2010,"Rp210,000,000","100,000",Bensin,Automatic,2500
Toyota,Raize,2024,"Rp232,000,000","3,000",Bensin,Automatic,1200
Toyota,Innova,2024,"Rp505,000,000","16,575",Diesel,Automatic,2000
Toyota,Voxy,2023,"Rp515,000,000","21,000",Bensin,Automatic,2000
Toyota,Alphard,2023,"Rp1,605,000,000","11,000",Bensin,Automatic,2500
Toyota,Vellfire,2014,"Rp349,000,000","52,000",Bensin,Automatic,2500
Toyota,Innova,2024,"Rp425,000,000","3,590",Bensin,Automatic,2000
Toyota,Innova,2024,"Rp595,000,000","21,000",Bensin,Automatic,2000
Toyota,Raize,2023,"Rp205,000,000","23,378",Bensin,Automatic,1200
Toyota,Innova,2023,"Rp432,000,000","14,000",Diesel,Automatic,2000
Toyota,Raize,2022,"Rp230,000,000","14,000",Bensin,Automatic,1000
Toyota,Raize,2022,"Rp217,000,000","59,000",Bensin,Automatic,1000
Toyota,Raize,2022,"Rp240,000,000","39,000",Bensin,Automatic,1000
Toyota,Innova,2022,"Rp370,000,000","18,881",Bensin,Automatic,2000
Toyota,Innova,2022,"Rp378,000,000","37,322",Bensin,Automatic,2000
Toyota,Voxy,2018,"Rp331,000,000","16,000",Bensin,Automatic,2000
Toyota,Alphard,2018,"Rp825,000,000","44,000",Bensin,Automatic,2500
Toyota,Vellfire,2013,"Rp397,000,000","100,000",Bensin,Automatic,2500
Toyota,Avanza,2023,"Rp260,000,000","39,000",Bensin,Automatic,1300
Toyota,Avanza,2024,"Rp240,000,000","7,000",Bensin,Manual,1300
Toyota,Fortuner,2021,"Rp480,000,000","32,618",Diesel,Automatic,2400
Toyota,Calya,2023,"Rp163,000,000","8,000",Bensin,Automatic,1200
Toyota,Agya,2023,"Rp165,000,000","25,000",Bensin,Automatic,1200
Toyota,Avanza,2023,"Rp235,000,000","29,000",Bensin,Automatic,1300
Toyota,Rush,2023,"Rp250,000,000","19,000",Bensin,Automatic,1500
Toyota,Innova,2023,"Rp395,000,000","23,000",Diesel,Automatic,2400
Toyota,Avanza,2022,"Rp210,000,000","29,000",Bensin,Manual,1300
Toyota,Calya,2022,"Rp150,000,000","12,000",Bensin,Manual,1200
Toyota,Innova,2022,"Rp295,000,000","61,000",Bensin,Automatic,2000
Toyota,Avanza,2022,"Rp250,000,000","36,000",Bensin,Automatic,1300
Toyota,Rush,2022,"Rp255,000,000","18,000",Bensin,Automatic,1500
Toyota,Fortuner,2022,"Rp525,000,000","58,000",Diesel,Automatic,2400
Toyota,Innova,2021,"Rp308,000,000","55,000",Bensin,Automatic,2000
Toyota,Innova,2021,"Rp330,000,000","33,000",Bensin,Automatic,2000
Toyota,Fortuner,2021,"Rp500,000,000","45,000",Diesel,Automatic,2400
Toyota,Fortuner,2019,"Rp395,000,000","40,000",Bensin,Automatic,2400
Toyota,Innova,2015,"Rp181,000,000","150,000",Bensin,Automatic,2000
Toyota,Avanza,2023,"Rp268,000,000","19,000",Bensin,Automatic,1300
Toyota,Avanza,2022,"Rp213,000,000","70,000",Bensin,Automatic,1300
Toyota,Fortuner,2022,"Rp475,000,000","39,000",Diesel,Automatic,2400
Toyota,Avanza,2021,"Rp230,000,000","37,000",Bensin,Automatic,1300
Toyota,Avanza,2021,"Rp229,000,000","69,000",Bensin,Automatic,1300
Toyota,Innova,2021,"Rp365,000,000","61,000",Diesel,Automatic,2400
Toyota,Fortuner,2021,"Rp452,000,000","1,234",Diesel,Automatic,2400
Toyota,Avanza,2020,"Rp175,000,000","54,000",Bensin,Automatic,1300
Toyota,Innova,2019,"Rp370,000,000","15,000",Diesel,Automatic,2400
Toyota,Innova,2019,"Rp305,000,000","78,000",Diesel,Automatic,2400
Toyota,Rush,2017,"Rp170,000,000","111,895",Bensin,Automatic,1500
Toyota,Yaris,2016,"Rp160,000,000","123,000",Bensin,Automatic,1500
Toyota,Avanza,2016,"Rp125,000,000","12,345",Bensin,Automatic,1300
Toyota,Yaris,2016,"Rp169,000,000","55,000",Bensin,Automatic,1500
Toyota,Innova,2016,"Rp260,000,000","71,459",Bensin,Automatic,2000
Toyota,Yaris,2015,"Rp135,000,000","130,000",Bensin,Automatic,1500
Toyota,Innova,2015,"Rp310,000,000","90,000",Diesel,Automatic,2400
Toyota,Fortuner,2014,"Rp238,000,000","120,916",Diesel,Automatic,2400
Toyota,Fortuner,2013,"Rp255,000,000","64,773",Diesel,Automatic,2400
Toyota,Innova,2011,"Rp142,000,000","82,000",Bensin,Automatic,2000
Toyota,Innova,2011,"Rp135,000,000","185,000",Bensin,Automatic,2000
Toyota,Avanza,2024,"Rp240,000,000","14,000",Bensin,Automatic,1300
Toyota,Avanza,2024,"Rp245,000,000","6,000",Bensin,Automatic,1300
Toyota,Avanza,2024,"Rp280,000,000","9,000",Bensin,Automatic,1300
Toyota,Rush,2022,"Rp248,000,000","42,000",Bensin,Automatic,1500
Toyota,Fortuner,2022,"Rp585,000,000","27,000",Diesel,Automatic,2400
Toyota,Fortuner,2022,"Rp539,000,000","31,000",Diesel,Automatic,2400
Toyota,Fortuner,2022,"Rp530,000,000","55,000",Diesel,Automatic,2400
Toyota,Fortuner,2021,"Rp493,000,000","55,000",Diesel,Automatic,2400
Toyota,Rush,2019,"Rp220,000,000","65,000",Bensin,Automatic,1500
Toyota,Innova,2019,"Rp335,000,000","80,000",Diesel,Automatic,2400
Toyota,Yaris,2018,"Rp185,000,000","53,000",Bensin,Automatic,1500
Toyota,Innova,2018,"Rp280,000,000","138,000",Bensin,Automatic,2000
Toyota,Fortuner,2018,"Rp395,000,000","57,000",Diesel,Automatic,2400
Toyota,Fortuner,2017,"Rp350,000,000","90,000",Diesel,Automatic,2400
Toyota,Fortuner,2017,"Rp395,000,000","54,000",Diesel,Automatic,2400
Toyota,Agya,2016,"Rp105,000,000","58,000",Bensin,Automatic,1000
Toyota,Innova,2016,"Rp220,000,000","86,000",Bensin,Automatic,2000
Toyota,Innova,2016,"Rp278,000,000","85,203",Bensin,Automatic,2000
Toyota,Innova,2015,"Rp188,000,000","109,701",Bensin,Automatic,2000
Toyota,Fortuner,2011,"Rp205,000,000","65,000",Diesel,Automatic,2400
Toyota,Avanza,2022,"Rp203,000,000","30,000",Bensin,Manual,1300
Toyota,Avanza,2022,"Rp258,000,000","44,000",Bensin,Automatic,1300
Toyota,Fortuner,2022,"Rp550,000,000","13,000",Diesel,Automatic,2400
Toyota,Calya,2021,"Rp130,000,000","1,234",Bensin,Manual,1200
Toyota,Innova,2021,"Rp289,000,000","42,000",Bensin,Automatic,2000
Toyota,Innova,2021,"Rp3,855,000,000","69,000",Diesel,Automatic,2400
Toyota,Fortuner,2021,"Rp530,000,000","11,000",Diesel,Automatic,2400
Toyota,Fortuner,2020,"Rp428,000,000","68,000",Diesel,Automatic,2400
Toyota,Avanza,2019,"Rp190,000,000","25,000",Bensin,Manual,1300
Toyota,Innova,2019,"Rp279,000,000","41,000",Bensin,Automatic,2000
Toyota,Innova,2019,"Rp315,000,000","77,000",Bensin,Automatic,2000
Toyota,Fortuner,2019,"Rp490,000,000","62,000",Diesel,Automatic,2400
Toyota,Innova,2018,"Rp305,000,000","51,439",Diesel,Automatic,2400
Toyota,Avanza,2016,"Rp142,000,000","72,000",Bensin,Manual,1300
Toyota,Agya,2016,"Rp110,000,000","109,297",Bensin,Automatic,1000
Toyota,Yaris,2014,"Rp157,000,000","105,000",Bensin,Automatic,1500
Toyota,Yaris,2013,"Rp123,000,000","159,000",Bensin,Automatic,1500
Toyota,Rush,2013,"Rp125,000,000","147,000",Bensin,Automatic,1500
Toyota,Yaris,2012,"Rp140,000,000","98,000",Bensin,Automatic,1500
Toyota,Fortuner,2022,"Rp505,000,000","41,909",Diesel,Automatic,2400
Toyota,Fortuner,2021,"Rp450,000,000","38,000",Bensin,Automatic,2400
Toyota,Innova,2021,"Rp395,000,000","39,827",Diesel,Automatic,2400
Toyota,Innova,2020,"Rp338,000,000","37,037",Diesel,Automatic,2400
Toyota,Calya,2019,"Rp120,000,000","60,000",Bensin,Automatic,1200
Toyota,Innova,2016,"Rp248,000,000","88,313",Bensin,Automatic,2000
Toyota,Avanza,2022,"Rp208,000,000","39,000",Bensin,Automatic,1300
Toyota,Avanza,2021,"Rp220,000,000","28,000",Bensin,Automatic,1300
Toyota,Yaris,2021,"Rp240,000,000","16,000",Bensin,Automatic,1500
Toyota,Rush,2013,"Rp135,000,000","125,000",Bensin,Automatic,1500
Toyota,Fortuner,2023,"Rp535,000,000","40,000",Diesel,Automatic,2400
Toyota,Fortuner,2022,"Rp485,000,000","1,234",Diesel,Automatic,2400
Toyota,Avanza,2021,"Rp235,000,000","43,000",Bensin,Automatic,1300
Toyota,Avanza,2020,"Rp197,000,000","30,000",Bensin,Manual,1300
Toyota,Avanza,2014,"Rp120,000,000","115,000",Bensin,Automatic,1300
Toyota,Alphard,2023,"Rp135,000,000","24,000",Bensin,Automatic,2500
Toyota,Alphard,2021,"Rp1,500,000,000","50,000",Bensin,Automatic,2500
Toyota,Alphard,2021,"Rp106,000,000","26,000",Bensin,Automatic,2500
Toyota,Alphard,2020,"Rp820,000,000","40,840",Bensin,Automatic,2500
Toyota,Alphard,2020,"Rp935,000,000","29,000",Bensin,Automatic,2500
Toyota,Alphard,2017,"Rp600,000,000","76,000",Bensin,Automatic,2500
Toyota,Alphard,2017,"Rp648,000,000","130,000",Bensin,Automatic,2500
Toyota,Alphard,2013,"Rp195,000,000","80,000",Bensin,Automatic,2500
Toyota,Alphard,2019,"Rp749,000,000","52,000",Bensin,Automatic,2500
Toyota,Alphard,2019,"Rp836,000,000","46,000",Bensin,Automatic,2500
Toyota,Alphard,2018,"Rp825,000,000","33,000",Bensin,Automatic,2500
Toyota,Sienta,2017,"Rp155,000,000","70,000",Bensin,Automatic,1500
Toyota,Sienta,2017,"Rp175,000,000","88,000",Bensin,Automatic,1500
Toyota,Alphard,2015,"Rp609,000,000","71,000",Bensin,Automatic,2500
Toyota,Alphard,2014,"Rp335,000,000","81,000",Bensin,Automatic,2500
Toyota,Alphard,2014,"Rp359,000,000","48,000",Bensin,Automatic,2500
Toyota,Alphard,2011,"Rp199,000,000","120,000",Bensin,Automatic,2500
Toyota,Alphard,2023,"Rp115,000,000","11,000",Bensin,Automatic,2500
Toyota,Alphard,2022,"Rp1,755,000,000","20,000",Bensin,Automatic,2500
Toyota,Sienta,2017,"Rp170,000,000","118,000",Bensin,Automatic,1500
Toyota,Alphard,2012,"Rp285,000,000","100,000",Bensin,Automatic,2500
Toyota,Alphard,2012,"Rp285,000,000","145,000",Bensin,Automatic,2500
Toyota,Alphard,2022,"Rp111,000,000","11,000",Bensin,Automatic,2500
Toyota,Alphard,2020,"Rp997,000,000","26,000",Bensin,Automatic,2500
Toyota,Sienta,2017,"Rp190,000,000","89,000",Bensin,Automatic,1500
Toyota,Alphard,2015,"Rp570,000,000","92,000",Bensin,Automatic,2500
Toyota,Alphard,2012,"Rp259,000,000","110,000",Bensin,Automatic,2500
Toyota,Alphard,2014,"Rp288,000,000","71,000",Bensin,Automatic,2500
Toyota,Vellfire,2014,"Rp335,000,000","55,000",Bensin,Automatic,2500
Toyota,Raize,2023,"Rp241,000,000","35,375",Bensin,Automatic,1000
Toyota,Yaris,2023,"Rp355,000,000","28,000",Bensin,Automatic,1500
Toyota,Innova,2023,"Rp420,000,000","34,000",Bensin,Automatic,2000
Toyota,Innova,2024,"Rp435,000,000","27,000",Bensin,Automatic,2000
Toyota,Innova,2022,"Rp495,000,000","38,000",Diesel,Automatic,2400
Toyota,Raize,2021,"Rp214,000,000","51,000",Bensin,Automatic,1000
Toyota,Raize,2021,"Rp225,000,000","37,000",Bensin,Automatic,1000
Toyota,Vellfire,2021,"Rp840,000,000","23,981",Bensin,Automatic,2500
Toyota,Alphard,2021,"Rp800,000,000","46,394",Bensin,Automatic,2500
Toyota,Voxy,2020,"Rp420,000,000","59,000",Bensin,Automatic,2000
Toyota,Alphard,2018,"Rp660,000,000","55,604",Bensin,Automatic,2500
Toyota,Innova,2017,"Rp265,000,000","135,000",Diesel,Automatic,2400
Toyota,Vellfire,2012,"Rp262,000,000","105,000",Bensin,Automatic,2500
Toyota,Innova,2024,"Rp405,000,000","27,191",Bensin,Automatic,2000
Toyota,Innova,2024,"Rp520,000,000","25,451",Diesel,Automatic,2000
Toyota,Innova,2024,"Rp545,000,000","34,612",Bensin,Automatic,2000
Toyota,Yaris,2023,"Rp320,000,000","5,000",Bensin,Automatic,1500
Toyota,Yaris,2023,"Rp349,000,000","19,000",Bensin,Automatic,1500
Toyota,Innova,2023,"Rp450,000,000","42,000",Diesel,Automatic,2000
Toyota,Voxy,2022,"Rp475,000,000","41,000",Bensin,Automatic,2000
Toyota,Vellfire,2019,"Rp709,000,000","74,000",Bensin,Automatic,2500
Toyota,Vellfire,2013,"Rp320,000,000","120,000",Bensin,Automatic,2500
Toyota,Raize,2024,"Rp235,000,000","3,000",Bensin,Automatic,1200
Toyota,Innova,2024,"Rp463,000,000","12,000",Bensin,Automatic,2000
Toyota,Innova,2024,"Rp590,000,000","11,000",Bensin,Automatic,2000
Toyota,Innova,2023,"Rp435,000,000","14,000",Diesel,Automatic,2000
Toyota,Innova,2023,"Rp575,000,000","14,000",Bensin,Automatic,2000
Toyota,Innova,2023,"Rp500,000,000","14,000",Bensin,Automatic,2000
Toyota,Alphard,2023,"Rp115,000,000","33,000",Bensin,Automatic,2500
Toyota,Raize,2022,"Rp211,000,000","15,000",Bensin,Automatic,1000
Toyota,Hiace,2021,"Rp525,000,000","13,000",Diesel,Manual,2800
Toyota,Voxy,2018,"Rp323,000,000","65,000",Bensin,Automatic,2000
Toyota,Voxy,2018,"Rp298,000,000","88,354",Bensin,Automatic,2000
Toyota,Yaris,2023,"Rp330,000,000","5,000",Bensin,Automatic,1500
Toyota,Voxy,2023,"Rp469,000,000","17,000",Bensin,Automatic,2000
Toyota,Voxy,2023,"Rp520,000,000","21,000",Bensin,Automatic,2000
Toyota,Innova,2023,"Rp590,000,000","21,000",Diesel,Automatic,2000
Toyota,Raize,2022,"Rp207,000,000","28,000",Bensin,Automatic,1200
Toyota,Raize,2022,"Rp245,000,000","25,000",Bensin,Automatic,1000
Toyota,Raize,2022,"Rp227,000,000","28,000",Bensin,Automatic,1000
Toyota,Innova,2022,"Rp423,000,000","16,000",Bensin,Automatic,2000
Toyota,Voxy,2022,"Rp490,000,000","22,000",Bensin,Automatic,2000
Toyota,Voxy,2022,"Rp459,000,000","1,234",Bensin,Automatic,2000
Toyota,Vellfire,2019,"Rp850,000,000","35,000",Bensin,Automatic,2500
Toyota,Innova,2023,"Rp380,000,000","40,000",Bensin,Automatic,2000
Toyota,Voxy,2022,"Rp460,000,000","16,000",Bensin,Automatic,2000
Toyota,Innova,2022,"Rp528,000,000","15,209",Diesel,Automatic,2000
Toyota,Vellfire,2013,"Rp298,000,000","101,000",Bensin,Automatic,2500
Toyota,Raize,2021,"Rp175,000,000","34,099",Bensin,Automatic,1000
Toyota,Yaris,2023,"Rp371,000,000","21,000",Bensin,Automatic,1500
Toyota,Agya,2024,"Rp177,000,000","8,000",Bensin,Automatic,1200
Toyota,Yaris,2021,"Rp232,000,000","23,000",Bensin,Automatic,1500
Toyota,Innova,2021,"Rp290,000,000","74,000",Bensin,Automatic,2000
Toyota,Avanza,2020,"Rp179,000,000","58,000",Bensin,Automatic,1300
Toyota,Avanza,2019,"Rp173,000,000","78,000",Bensin,Automatic,1300
Toyota,Innova,2019,"Rp300,000,000","62,000",Bensin,Automatic,2000
Toyota,Fortuner,2019,"Rp380,000,000","77,000",Diesel,Automatic,2400
Toyota,Innova,2017,"Rp363,000,000","1,234",Bensin,Automatic,2000
Toyota,Yaris,2015,"Rp163,000,000","107,000",Bensin,Automatic,1500
Toyota,Innova,2015,"Rp313,000,000","86,000",Diesel,Automatic,2400
Toyota,Avanza,2024,"Rp285,000,000","11,000",Bensin,Automatic,1300
Toyota,Rush,2024,"Rp275,000,000","6,969",Bensin,Automatic,1500
Toyota,Avanza,2023,"Rp263,000,000","39,000",Bensin,Automatic,1300
Toyota,Avanza,2023,"Rp259,000,000","33,000",Bensin,Automatic,1300
Toyota,Avanza,2023,"Rp227,000,000","14,000",Bensin,Automatic,1300
Toyota,Avanza,2022,"Rp195,000,000","31,000",Bensin,Manual,1300
Toyota,Innova,2022,"Rp350,000,000","44,000",Bensin,Automatic,2000
Toyota,Innova,2022,"Rp355,000,000","44,000",Bensin,Automatic,2000
Toyota,Avanza,2021,"Rp220,000,000","50,000",Bensin,Automatic,1300
Toyota,Avanza,2021,"Rp200,000,000","48,000",Bensin,Automatic,1300
Toyota,Innova,2021,"Rp345,000,000","51,000",Bensin,Automatic,2000
Toyota,Fortuner,2021,"Rp515,000,000","16,000",Diesel,Automatic,2400
Toyota,Fortuner,2021,"Rp498,000,000","47,897",Diesel,Automatic,2400
Toyota,Innova,2019,"Rp281,000,000","50,000",Bensin,Automatic,2000
Toyota,Innova,2019,"Rp295,000,000","53,000",Bensin,Automatic,2000
Toyota,Innova,2019,"Rp299,000,000","53,000",Bensin,Automatic,2000
Toyota,Avanza,2016,"Rp140,000,000","106,000",Bensin,Manual,1300
Toyota,Yaris,2016,"Rp185,000,000","43,000",Bensin,Automatic,1500
Toyota,Innova,2016,"Rp247,000,000","109,000",Bensin,Automatic,2000
Toyota,Innova,2016,"Rp318,000,000","131,575",Diesel,Automatic,2400
Toyota,Avanza,2015,"Rp137,000,000","159,000",Bensin,Manual,1300
Toyota,Yaris,2015,"Rp177,000,000","76,000",Bensin,Automatic,1500
Toyota,Rush,2015,"Rp155,000,000","89,000",Bensin,Automatic,1500
Toyota,Yaris,2013,"Rp155,000,000","76,000",Bensin,Automatic,1500
Toyota,Fortuner,2023,"Rp530,000,000","24,000",Diesel,Automatic,2400
Toyota,Rush,2022,"Rp235,000,000","23,000",Bensin,Automatic,1500
Toyota,Avanza,2022,"Rp219,000,000","50,000",Bensin,Automatic,1300
Toyota,Innova,2022,"Rp349,000,000","14,000",Bensin,Automatic,2000
Toyota,Innova,2021,"Rp310,000,000","30,000",Bensin,Automatic,2000
Toyota,Yaris,2020,"Rp220,000,000","56,000",Bensin,Automatic,1500
Toyota,Yaris,2020,"Rp219,000,000","47,000",Bensin,Automatic,1500
Toyota,Yaris,2017,"Rp179,000,000","68,000",Bensin,Automatic,1500
Toyota,Agya,2016,"Rp105,000,000","67,000",Bensin,Automatic,1000
Toyota,Yaris,2016,"Rp166,000,000","90,000",Bensin,Automatic,1500
Toyota,Innova,2016,"Rp240,000,000","98,472",Bensin,Automatic,2000
Toyota,Rush,2015,"Rp147,000,000","107,000",Bensin,Automatic,1500
Toyota,Avanza,2013,"Rp120,000,000","118,000",Bensin,Automatic,1300
Toyota,Yaris,2013,"Rp123,000,000","117,000",Bensin,Automatic,1500
Toyota,Innova,2012,"Rp228,000,000","1,234",Diesel,Automatic,2400
Toyota,Fortuner,2024,"Rp590,000,000","10,000",Diesel,Automatic,2400
Toyota,Agya,2021,"Rp155,000,000","19,000",Bensin,Automatic,1200
Toyota,Rush,2021,"Rp265,000,000","30,000",Bensin,Automatic,1500
Toyota,Innova,2021,"Rp277,000,000","123,000",Bensin,Automatic,2000
Toyota,Rush,2021,"Rp218,000,000","52,000",Bensin,Automatic,1500
Toyota,Yaris,2021,"Rp238,000,000","46,000",Bensin,Automatic,1500
Toyota,Avanza,2021,"Rp245,000,000","43,000",Bensin,Automatic,1300
Toyota,Fortuner,2021,"Rp478,000,000","99,301",Diesel,Automatic,2400
Toyota,Yaris,2020,"Rp207,000,000","65,000",Bensin,Automatic,1500
Toyota,Yaris,2020,"Rp192,000,000","65,000",Bensin,Automatic,1500
Toyota,Fortuner,2020,"Rp410,000,000","87,000",Diesel,Automatic,2400
Toyota,Fortuner,2020,"Rp465,000,000","53,000",Diesel,Automatic,2400
Toyota,Innova,2016,"Rp290,000,000","99,000",Diesel,Automatic,2400
Toyota,Yaris,2012,"Rp145,000,000","106,000",Bensin,Automatic,1500
Toyota,Yaris,2012,"Rp128,000,000","127,000",Bensin,Automatic,1500
Toyota,Innova,2012,"Rp240,000,000","115,000",Diesel,Automatic,2400
Toyota,Yaris,2011,"Rp118,000,000","109,000",Bensin,Automatic,1500
Toyota,Agya,2024,"Rp187,000,000","4,000",Bensin,Automatic,1200
Toyota,Calya,2023,"Rp157,000,000","13,289",Bensin,Automatic,1200
Toyota,Avanza,2023,"Rp256,000,000","28,000",Bensin,Automatic,1300
Toyota,Avanza,2023,"Rp270,000,000","6,000",Bensin,Automatic,1300
Toyota,Avanza,2023,"Rp287,000,000","1,500",Bensin,Automatic,1300
Toyota,Agya,2022,"Rp142,000,000","28,000",Bensin,Automatic,1200
Toyota,Avanza,2022,"Rp239,000,000","20,000",Bensin,Automatic,1300
Toyota,Rush,2022,"Rp259,000,000","23,000",Bensin,Automatic,1500
Toyota,Innova,2022,"Rp376,000,000","12,000",Bensin,Automatic,2000
Toyota,Rush,2021,"Rp248,000,000","45,000",Bensin,Automatic,1500
Toyota,Rush,2021,"Rp229,000,000","33,000",Bensin,Automatic,1500
Toyota,Innova,2021,"Rp325,000,000","31,000",Bensin,Automatic,2000
Toyota,Innova,2021,"Rp278,000,000","31,000",Bensin,Automatic,2000
Toyota,Fortuner,2021,"Rp475,000,000","40,000",Diesel,Automatic,2400
Toyota,Fortuner,2021,"Rp510,000,000","47,000",Diesel,Automatic,2400
Toyota,Innova,2020,"Rp329,000,000","16,000",Bensin,Automatic,2000
Toyota,Innova,2020,"Rp288,000,000","45,000",Bensin,Automatic,2000
Toyota,Alphard,2024,"Rp959,000,000",12000,Bensin,Automatic,2500
Toyota,Avanza,2024,"Rp259,000,000",12000,Bensin,Manual,1300
Toyota,Innova,2022,"Rp395,000,000",36000,Diesel,Automatic,2000
Toyota,Calya,2016,"Rp105,000,000",108000,Bensin,Manual,1200
Toyota,Yaris,2023,"Rp284,000,000",24000,Bensin,Manual,1500
Toyota,Voxy,2018,"Rp285,000,000",84000,Bensin,Manual,2000
Toyota,Avanza,2024,"Rp258,000,000",12000,Bensin,Manual,1300
Toyota,Innova,2023,"Rp535,000,000",24000,Diesel,Automatic,2000
Toyota,Innova,2015,"Rp165,000,000",120000,Diesel,Manual,2000
Toyota,Alphard,2015,"Rp545,000,000",120000,Bensin,Automatic,2500
Toyota,Avanza,2021,"Rp175,000,000",48000,Bensin,Manual,1300
Toyota,Fortuner,2019,"Rp395,000,000",72000,Diesel,Automatic,2400
Toyota,Raize,2022,"Rp198,000,000",36000,Bensin,Manual,1000
Toyota,Innova,2013,"Rp153,000,000",144000,Diesel,Manual,2000
Toyota,Innova,2025,"Rp450,000,000",12000,Diesel,Automatic,2000
Toyota,Vellfire,2019,"Rp790,000,000",72000,Bensin,Automatic,2500
Toyota,Alphard,2022,"Rp885,000,000",36000,Bensin,Automatic,2500
Toyota,Vellfire,2017,"Rp630,000,000",96000,Bensin,Automatic,2500
Toyota,Rush,2015,"Rp133,000,000",120000,Bensin,Manual,1500
Toyota,Avanza,2018,"Rp160,000,000",84000,Bensin,Manual,1300
Toyota,Raize,2022,"Rp195,000,000",36000,Bensin,Manual,1000
Toyota,Vellfire,2017,"Rp635,000,000",96000,Bensin,Automatic,2500
Toyota,Avanza,2022,"Rp226,000,000",36000,Bensin,Manual,1300
Toyota,Fortuner,2017,"Rp375,000,000",96000,Diesel,Automatic,2400
Toyota,Agya,2021,"Rp139,000,000",48000,Bensin,Manual,1200
Toyota,Fortuner,2019,"Rp405,000,000",72000,Diesel,Automatic,2400
Toyota,Agya,2018,"Rp114,000,000",84000,Bensin,Manual,1200
Toyota,Innova,2023,"Rp575,000,000",24000,Diesel,Automatic,2000
Toyota,Yaris,2008,"Rp80,000,000",204000,Bensin,Manual,1500
Toyota,Vellfire,2017,"Rp625,000,000",96000,Bensin,Automatic,2500
Toyota,Vellfire,2017,"Rp625,000,000",96000,Bensin,Automatic,2500
Toyota,Agya,2021,"Rp128,000,000",48000,Bensin,Manual,1200
Toyota,Vellfire,2012,"Rp275,000,000",156000,Bensin,Manual,2500
Toyota,Vellfire,2016,"Rp580,000,000",108000,Bensin,Automatic,2500
Toyota,Innova,2021,"Rp425,000,000",48000,Diesel,Automatic,2000
Toyota,Calya,2017,"Rp100,000,000",96000,Bensin,Manual,1200
Toyota,Alphard,2012,"Rp225,000,000",156000,Bensin,Manual,2500
Toyota,Vellfire,2009,"Rp210,000,000",192000,Bensin,Manual,2500
Toyota,Calya,2023,"Rp136,000,000",24000,Bensin,Manual,1200
Toyota,Voxy,2018,"Rp327,000,000",84000,Bensin,Automatic,2000
Toyota,Alphard,2020,"Rp825,000,000",60000,Bensin,Automatic,2500
Toyota,Innova,2019,"Rp249,000,000",72000,Diesel,Manual,2000
Toyota,Alphard,2021,"Rp965,000,000",48000,Bensin,Automatic,2500
Toyota,Fortuner,2022,"Rp460,000,000",36000,Diesel,Automatic,2400
Toyota,Yaris,2021,"Rp209,000,000",48000,Bensin,Manual,1500
Toyota,Alphard,2023,"Rp900,000,000",24000,Bensin,Automatic,2500
Toyota,Alphard,2024,"Rp959,000,000",12000,Bensin,Automatic,2500
Toyota,Avanza,2021,"Rp175,000,000",48000,Bensin,Manual,1300
Toyota,Vellfire,2017,"Rp635,000,000",96000,Bensin,Automatic,2500
Toyota,Alphard,2022,"Rp885,000,000",36000,Bensin,Automatic,2500
Toyota,Innova,2025,"Rp422,500,000",10000,Diesel,Automatic,2000
Toyota,Innova,2010,"Rp150,000,000",180000,Diesel,Manual,2000
Toyota,Yaris,2016,"Rp153,000,000",108000,Bensin,Manual,1500
Toyota,Alphard,2018,"Rp725,000,000",84000,Bensin,Automatic,2500
Toyota,Rush,2019,"Rp211,000,000",72000,Bensin,Manual,1500
Toyota,Fortuner,2011,"Rp186,000,000",168000,Diesel,Manual,2400
Toyota,Yaris,2020,"Rp205,000,000",60000,Bensin,Manual,1500
Toyota,Rush,2021,"Rp205,000,000",48000,Bensin,Manual,1500
Toyota,Avanza,2023,"Rp239,000,000",24000,Bensin,Manual,1300
Toyota,Alphard,2017,"Rp550,000,000",96000,Bensin,Automatic,2500
Toyota,Vellfire,2017,"Rp635,000,000",96000,Bensin,Automatic,2500
Toyota,Vellfire,2017,"Rp625,000,000",96000,Bensin,Automatic,2500
Toyota,Vellfire,2017,"Rp635,000,000",96000,Bensin,Automatic,2500
Toyota,Vellfire,2017,"Rp635,000,000",96000,Bensin,Automatic,2500
Toyota,Agya,2019,"Rp99,000,000",72000,Bensin,Manual,1200
Toyota,Fortuner,2023,"Rp500,000,000",24000,Diesel,Automatic,2400
Toyota,Alphard,2021,"Rp915,000,000",48000,Bensin,Automatic,2500
Toyota,Innova,2022,"Rp485,000,000",36000,Diesel,Automatic,2000
Toyota,Innova,2022,"Rp388,000,000",36000,Diesel,Automatic,2000
Toyota,Vellfire,2017,"Rp625,000,000",96000,Bensin,Automatic,2500
Toyota,Vellfire,2017,"Rp625,000,000",96000,Bensin,Automatic,2500
Toyota,Vellfire,2017,"Rp635,000,000",96000,Bensin,Automatic,2500
Toyota,Vellfire,2017,"Rp625,000,000",96000,Bensin,Automatic,2500
Toyota,Raize,2022,"Rp189,000,000",36000,Bensin,Manual,1000
Toyota,Alphard,2009,"Rp189,000,000",192000,Bensin,Manual,2500
Toyota,Innova,2017,"Rp222,000,000",96000,Diesel,Manual,2000
Toyota,Vellfire,2012,"Rp300,000,000",156000,Bensin,Automatic,2500
Toyota,Alphard,2022,"Rp885,000,000",36000,Bensin,Automatic,2500
Toyota,Voxy,2020,"Rp347,000,000",60000,Bensin,Automatic,2000
Toyota,Agya,2022,"Rp139,000,000",36000,Bensin,Manual,1200
Toyota,Vellfire,2015,"Rp535,000,000",120000,Bensin,Automatic,2500
Toyota,Vellfire,2017,"Rp635,000,000",96000,Bensin,Automatic,2500
Toyota,Vellfire,2017,"Rp625,000,000",96000,Bensin,Automatic,2500
Toyota,Innova,2020,"Rp290,000,000",60000,Diesel,Manual,2000
Toyota,Voxy,2019,"Rp285,000,000",72000,Bensin,Manual,2000
Toyota,Innova,2022,"Rp505,000,000",36000,Diesel,Automatic,2000
Toyota,Innova,2024,"Rp520,000,000",12000,Diesel,Automatic,2000
Toyota,Alphard,2016,"Rp535,000,000",108000,Bensin,Automatic,2500
Toyota,Avanza,2009,"Rp89,000,000",192000,Bensin,Manual,1300
Toyota,Agya,2023,"Rp120,000,000",24000,Bensin,Manual,1200
Toyota,Alphard,2024,"Rp959,000,000",12000,Bensin,Automatic,2500
Toyota,Innova,2019,"Rp296,000,000",72000,Diesel,Manual,2000
Toyota,Vellfire,2017,"Rp635,000,000",96000,Bensin,Automatic,2500
Toyota,Agya,2014,"Rp85,000,000",132000,Bensin,Manual,1200
Toyota,Calya,2024,"Rp139,000,000",12000,Bensin,Manual,1200
Toyota,Yaris,2019,"Rp195,000,000",72000,Bensin,Manual,1500
Toyota,Avanza,2018,"Rp110,000,000",84000,Bensin,Manual,1300
Toyota,Voxy,2019,"Rp300,000,000",72000,Bensin,Automatic,2000
Toyota,Avanza,2024,"Rp260,000,000",12000,Bensin,Manual,1300
Toyota,Avanza,2021,"Rp195,000,000",48000,Bensin,Manual,1300
Toyota,Avanza,2015,"Rp120,000,000",120000,Bensin,Manual,1300
Toyota,Fortuner,2015,"Rp275,000,000",120000,Diesel,Manual,2400
Toyota,Yaris,2007,"Rp88,000,000",216000,Bensin,Manual,1500
Toyota,Avanza,2022,"Rp199,000,000",36000,Bensin,Manual,1300
Toyota,Yaris,2020,"Rp205,000,000",60000,Bensin,Manual,1500
Toyota,Fortuner,2022,"Rp480,000,000",36000,Diesel,Automatic,2400
Toyota,Yaris,2015,"Rp148,000,000",120000,Bensin,Manual,1500
Toyota,Yaris,2016,"Rp155,000,000",108000,Bensin,Manual,1500
Toyota,Vellfire,2015,"Rp550,000,000",120000,Bensin,Automatic,2500
Toyota,Alphard,2010,"Rp197,000,000",180000,Bensin,Manual,2500
Toyota,Hilux,2012,"Rp175,000,000",156000,Diesel,Manual,2400
Toyota,Rush,2018,"Rp193,000,000",84000,Bensin,Manual,1500
Toyota,Avanza,2013,"Rp115,000,000",144000,Bensin,Manual,1300
Toyota,Avanza,2008,"Rp135,000,000",204000,Bensin,Manual,1300
Toyota,Fortuner,2008,"Rp155,000,000",204000,Diesel,Manual,2400
Toyota,Alphard,2013,"Rp289,000,000",144000,Bensin,Manual,2500
Toyota,Innova,2017,"Rp258,000,000",96000,Diesel,Manual,2000
Toyota,Yaris,2016,"Rp166,000,000",108000,Bensin,Manual,1500
Toyota,Alphard,2020,"Rp870,000,000",60000,Bensin,Automatic,2500
Toyota,Vellfire,2023,"Rp900,000,000",24000,Bensin,Automatic,2500
Toyota,Raize,2024,"Rp209,000,000",12000,Bensin,Manual,1000
Toyota,Alphard,2017,"Rp785,000,000",96000,Bensin,Automatic,2500
Toyota,Yaris,2017,"Rp148,000,000",96000,Bensin,Manual,1500
Toyota,Voxy,2023,"Rp455,000,000",24000,Bensin,Automatic,2000
Toyota,Vellfire,2015,"Rp505,000,000",120000,Bensin,Automatic,2500
Toyota,Calya,2021,"Rp125,000,000",48000,Bensin,Manual,1200
Toyota,Sienta,2017,"Rp149,000,000",96000,Bensin,Manual,1500
Toyota,Innova,2019,"Rp320,000,000",72000,Diesel,Automatic,2000
Toyota,Hilux,2020,"Rp180,000,000",60000,Diesel,Manual,2400
Toyota,Hilux,2020,"Rp180,000,000",60000,Diesel,Manual,2400
Toyota,Yaris,2013,"Rp125,000,000",144000,Bensin,Manual,1500
Toyota,Avanza,2023,"Rp210,000,000",24000,Bensin,Manual,1300
Toyota,Avanza,2024,"Rp278,000,000",12000,Bensin,Manual,1300
Toyota,Agya,2024,"Rp153,000,000",12000,Bensin,Manual,1200
Toyota,Voxy,2019,"Rp305,000,000",72000,Bensin,Automatic,2000
Toyota,Voxy,2024,"Rp534,000,000",12000,Bensin,Automatic,2000
Toyota,Avanza,2021,"Rp175,000,000",48000,Bensin,Manual,1300
Toyota,Calya,2016,"Rp96,000,000",108000,Bensin,Manual,1200
Toyota,Alphard,2021,"Rp760,000,000",48000,Bensin,Automatic,2500
Toyota,Avanza,2017,"Rp127,000,000",96000,Bensin,Manual,1300
Toyota,Agya,2020,"Rp130,000,000",60000,Bensin,Manual,1200
Toyota,Innova,2016,"Rp227,500,000",108000,Diesel,Manual,2000
Toyota,Fortuner,2015,"Rp200,500,000",100000,Diesel,Manual,2400
Toyota,Alphard,2017,"Rp595,000,000",96000,Bensin,Automatic,2500
Toyota,Avanza,2019,"Rp155,000,000",72000,Bensin,Manual,1300
Toyota,Avanza,2024,"Rp220,000,000",12000,Bensin,Manual,1300
Toyota,Innova,2005,"Rp95,000,000",240000,Diesel,Manual,2000
Toyota,Yaris,2020,"Rp216,000,000",60000,Bensin,Manual,1500
Toyota,Hilux,2023,"Rp480,000,000",24000,Diesel,Automatic,2400
Toyota,Innova,2025,"Rp453,000,000",10000,Diesel,Automatic,2000
Toyota,Raize,2022,"Rp195,000,000",36000,Bensin,Manual,1000
Toyota,Innova,2021,"Rp440,000,000",48000,Diesel,Automatic,2000
Toyota,Innova,2021,"Rp387,000,000",48000,Diesel,Automatic,2000
Toyota,Calya,2021,"Rp125,000,000",48000,Bensin,Manual,1200
Toyota,Fortuner,2018,"Rp348,000,000",84000,Diesel,Automatic,2400
Toyota,Calya,2024,"Rp148,000,000",12000,Bensin,Manual,1200
Toyota,Rush,2010,"Rp120,000,000",180000,Bensin,Manual,1500
Toyota,Voxy,2019,"Rp310,000,000",72000,Bensin,Automatic,2000
Toyota,Alphard,2005,"Rp116,000,000",240000,Bensin,Manual,2500
Toyota,Alphard,2016,"Rp610,000,000",108000,Bensin,Automatic,2500
Toyota,Yaris,2021,"Rp237,000,000",48000,Bensin,Manual,1500
Toyota,Innova,2023,"Rp510,000,000",24000,Diesel,Automatic,2000
Toyota,Fortuner,2025,"Rp640,000,000",10000,Diesel,Automatic,2400
Toyota,Sienta,2019,"Rp167,500,000",72000,Bensin,Manual,1500
Toyota,Innova,2022,"Rp370,000,000",36000,Diesel,Automatic,2000
Toyota,Raize,2022,"Rp202,000,000",36000,Bensin,Manual,1000
Toyota,Raize,2022,"Rp202,000,000",36000,Bensin,Manual,1000
Toyota,Innova,2019,"Rp284,000,000",72000,Diesel,Manual,2000
Toyota,Alphard,2014,"Rp295,000,000",132000,Bensin,Manual,2500
Toyota,Yaris,2013,"Rp125,000,000",144000,Bensin,Manual,1500
Toyota,Yaris,2014,"Rp129,000,000",132000,Bensin,Manual,1500
Toyota,Avanza,2012,"Rp124,000,000",156000,Bensin,Manual,1300
Toyota,Innova,2015,"Rp169,000,000",120000,Diesel,Manual,2000
Toyota,Rush,2017,"Rp173,000,000",96000,Bensin,Manual,1500
Toyota,Innova,2006,"Rp105,000,000",228000,Diesel,Manual,2000
Toyota,Agya,2020,"Rp125,000,000",60000,Bensin,Manual,1200
Toyota,Vellfire,2015,"Rp325,000,000",120000,Bensin,Automatic,2500
Toyota,Rush,2024,"Rp239,000,000",12000,Bensin,Manual,1500
Toyota,Alphard,2017,"Rp635,000,000",96000,Bensin,Automatic,2500
Toyota,Voxy,2022,"Rp489,000,000",36000,Bensin,Automatic,2000
Toyota,Innova,2016,"Rp230,000,000",108000,Diesel,Manual,2000
Toyota,Sienta,2018,"Rp133,500,000",84000,Bensin,Manual,1500
Toyota,Alphard,2019,"Rp625,000,000",72000,Bensin,Automatic,2500
Toyota,Avanza,2007,"Rp85,000,000",216000,Bensin,Manual,1300
Toyota,Yaris,2016,"Rp160,000,000",108000,Bensin,Manual,1500
Toyota,Avanza,2019,"Rp165,000,000",72000,Bensin,Manual,1300
Toyota,Yaris,2015,"Rp155,000,000",120000,Bensin,Manual,1500
Toyota,Hilux,2009,"Rp118,000,000",192000,Diesel,Manual,2400
Toyota,Innova,2018,"Rp290,000,000",84000,Diesel,Manual,2000
Toyota,Avanza,2014,"Rp115,000,000",132000,Bensin,Manual,1300
Toyota,Vellfire,2011,"Rp206,000,000",168000,Bensin,Manual,2500
Toyota,Innova,2025,"Rp416,100,000",10000,Diesel,Automatic,2000
Toyota,Fortuner,2022,"Rp600,000,000",36000,Diesel,Automatic,2400
Toyota,Yaris,2020,"Rp205,000,000",60000,Bensin,Manual,1500
Toyota,Vellfire,2015,"Rp545,000,000",120000,Bensin,Automatic,2500
Toyota,Avanza,2019,"Rp160,000,000",72000,Bensin,Manual,1300
Toyota,Rush,2021,"Rp239,000,000",48000,Bensin,Manual,1500
Toyota,Alphard,2018,"Rp877,000,000",84000,Bensin,Automatic,2500
Toyota,Innova,2015,"Rp168,000,000",120000,Diesel,Manual,2000
Toyota,Innova,2013,"Rp223,000,000",144000,Diesel,Manual,2000
Toyota,Voxy,2018,"Rp300,000,000",84000,Bensin,Automatic,2000
Toyota,Innova,2023,"Rp449,000,000",24000,Diesel,Automatic,2000
Toyota,Innova,2021,"Rp475,000,000",48000,Diesel,Automatic,2000
Toyota,Avanza,2021,"Rp175,000,000",48000,Bensin,Manual,1300
Toyota,Avanza,2017,"Rp135,000,000",96000,Bensin,Manual,1300
Toyota,Vellfire,2012,"Rp275,000,000",156000,Bensin,Manual,2500
Toyota,Calya,2017,"Rp89,750,000",96000,Bensin,Manual,1200
Toyota,Yaris,2021,"Rp231,000,000",48000,Bensin,Manual,1500
Toyota,Alphard,2013,"Rp275,000,000",144000,Bensin,Manual,2500
Toyota,Innova,2023,"Rp379,900,000",24000,Diesel,Automatic,2000
Toyota,Avanza,2019,"Rp158,000,000",72000,Bensin,Manual,1300
Toyota,Innova,2018,"Rp285,000,000",84000,Diesel,Manual,2000
Toyota,Alphard,2021,"Rp975,000,000",48000,Bensin,Automatic,2500
Toyota,Avanza,2016,"Rp130,000,000",108000,Bensin,Manual,1300
Toyota,Avanza,2023,"Rp248,000,000",24000,Bensin,Manual,1300
Toyota,Alphard,2022,"Rp980,000,000",36000,Bensin,Automatic,2500
Toyota,Avanza,2023,"Rp248,000,000",24000,Bensin,Manual,1300
Toyota,Alphard,2022,"Rp980,000,000",36000,Bensin,Automatic,2500
Toyota,Alphard,2005,"Rp168,000,000",240000,Bensin,Manual,2500
Toyota,Yaris,2014,"Rp147,000,000",132000,Bensin,Manual,1500
Toyota,Avanza,2023,"Rp248,000,000",24000,Bensin,Manual,1300
Toyota,Agya,2019,"Rp117,000,000",72000,Bensin,Manual,1200
Toyota,Yaris,2013,"Rp125,000,000",144000,Bensin,Manual,1500
Toyota,Innova,2015,"Rp223,000,000",120000,Diesel,Manual,2000
Toyota,Agya,2020,"Rp135,000,000",60000,Bensin,Manual,1200
Toyota,Alphard,2023,"Rp900,000,000",24000,Bensin,Automatic,2500
Toyota,Voxy,2018,"Rp300,000,000",84000,Bensin,Automatic,2000
Toyota,Avanza,2023,"Rp248,000,000",24000,Bensin,Manual,1300
Toyota,Innova,2015,"Rp170,000",130000,Diesel,Manual,2000
Toyota,Innova,2014,"Rp170,000,000",132000,Diesel,Manual,2000
Toyota,Raize,2023,"Rp195,000,000",24000,Bensin,Manual,1000
Toyota,Innova,2020,"Rp260,000,000",60000,Diesel,Manual,2000
Toyota,Avanza,2023,"Rp248,000,000",24000,Bensin,Manual,1300
Toyota,Fortuner,2020,"Rp430,000,000",60000,Diesel,Automatic,2400
Toyota,Alphard,2011,"Rp198,000,000",168000,Bensin,Manual,2500
Toyota,Alphard,2017,"Rp592,000,000",96000,Bensin,Automatic,2500
Toyota,Rush,2019,"Rp180,000,000",72000,Bensin,Manual,1500
Toyota,Avanza,2023,"Rp248,000,000",24000,Bensin,Manual,1300
Toyota,Agya,2015,"Rp89,500,000",120000,Bensin,Manual,1200
Toyota,Innova,2017,"Rp309,000,000",96000,Diesel,Automatic,2000
Toyota,Avanza,2023,"Rp248,000,000",24000,Bensin,Manual,1300
Toyota,Avanza,2023,"Rp248,000,000",24000,Bensin,Manual,1300
Toyota,Raize,2024,"Rp228,000,000",12000,Bensin,Manual,1000
Toyota,Alphard,2022,"Rp885,000,000",36000,Bensin,Automatic,2500
Toyota,Innova,2021,"Rp479,000,000",48000,Diesel,Automatic,2000
Toyota,Innova,2013,"Rp147,000,000",144000,Diesel,Manual,2000
Toyota,Yaris,2021,"Rp205,000,000",48000,Bensin,Manual,1500
Toyota,Yaris,2019,"Rp175,000,000",72000,Bensin,Manual,1500
Toyota,Innova,2021,"Rp440,000,000",48000,Diesel,Automatic,2000
Toyota,Innova,2015,"Rp135,000,000",120000,Diesel,Manual,2000
Toyota,Alphard,2018,"Rp675,000,000",84000,Bensin,Automatic,2500
Toyota,Alphard,2015,"Rp570,000,000",120000,Bensin,Automatic,2500
Toyota,Alphard,2022,"Rp885,000,000",36000,Bensin,Automatic,2500
Toyota,Alphard,2013,"Rp265,000,000",144000,Bensin,Manual,2500
Toyota,Vellfire,2016,"Rp750,000,000",108000,Bensin,Automatic,2500
Toyota,Innova,2005,"Rp100,000,000",240000,Diesel,Manual,2000
Toyota,Vellfire,2015,"Rp450,000,000",120000,Bensin,Automatic,2500
Toyota,Fortuner,2013,"Rp195,000,000",144000,Diesel,Manual,2400
Toyota,Alphard,2022,"Rp995,000,000",36000,Bensin,Automatic,2500
Toyota,Innova,2017,"Rp225,000,000",96000,Diesel,Manual,2000
Toyota,Agya,2017,"Rp109,000,000",96000,Bensin,Manual,1200
Toyota,Alphard,2021,"Rp975,000,000",48000,Bensin,Automatic,2500
Toyota,Alphard,2021,"Rp975,000,000",48000,Bensin,Automatic,2500
Toyota,Innova,2016,"Rp254,000,000",108000,Diesel,Manual,2000
Toyota,Innova,2010,"Rp93,000,000",180000,Diesel,Manual,2000
Toyota,Rush,2021,"Rp205,000,000",48000,Bensin,Manual,1500
Toyota,Avanza,2022,"Rp235,000,000",36000,Bensin,Manual,1300
Toyota,Yaris,2017,"Rp158,500,000",96000,Bensin,Manual,1500
Toyota,Alphard,2020,"Rp895,000,000",60000,Bensin,Automatic,2500
Toyota,Voxy,2018,"Rp290,000,000",84000,Bensin,Manual,2000
Toyota,Rush,2019,"Rp185,000,000",72000,Bensin,Manual,1500
Toyota,Yaris,2014,"Rp148,500,000",132000,Bensin,Manual,1500
Toyota,Avanza,2022,"Rp325,000,000",36000,Bensin,Automatic,1300
Toyota,Agya,2022,"Rp124,000,000",36000,Bensin,Manual,1200
Toyota,Voxy,2023,"Rp479,000,000",24000,Bensin,Automatic,2000
Toyota,Innova,2023,"Rp413,000,000",24000,Diesel,Automatic,2000
Toyota,Innova,2019,"Rp249,000,000",72000,Diesel,Manual,2000
Toyota,Avanza,2022,"Rp315,000,000",36000,Bensin,Automatic,1300
Toyota,Yaris,2016,"Rp140,000,000",108000,Bensin,Manual,1500
Toyota,Alphard,2019,"Rp790,000,000",72000,Bensin,Automatic,2500
Toyota,Vellfire,2015,"Rp545,000,000",120000,Bensin,Automatic,2500
Toyota,Sienta,2019,"Rp199,000,000",72000,Bensin,Manual,1500
Toyota,Innova,2009,"Rp124,950,000",192000,Diesel,Manual,2000
Toyota,Avanza,2022,"Rp320,000,000",36000,Bensin,Automatic,1300
Toyota,Alphard,2019,"Rp790,000,000",72000,Bensin,Automatic,2500
Toyota,Alphard,2019,"Rp790,000,000",72000,Bensin,Automatic,2500
Toyota,Calya,2019,"Rp112,500,000",72000,Bensin,Manual,1200
Toyota,Agya,2020,"Rp123,000,000",60000,Bensin,Manual,1200
Toyota,Voxy,2023,"Rp479,000,000",24000,Bensin,Automatic,2000
Toyota,Calya,2020,"Rp121,000,000",60000,Bensin,Manual,1200
Toyota,Raize,2021,"Rp189,000,000",48000,Bensin,Manual,1000
Toyota,Avanza,2022,"Rp225,000,000",36000,Bensin,Manual,1300
Toyota,Agya,2023,"Rp144,000,000",24000,Bensin,Manual,1200
Toyota,Innova,2015,"Rp165,000,000",120000,Diesel,Manual,2000
Toyota,Voxy,2020,"Rp348,000,000",60000,Bensin,Automatic,2000
Toyota,Calya,2019,"Rp115,000,000",72000,Bensin,Manual,1200
Toyota,Alphard,2020,"Rp950,000,000",60000,Bensin,Automatic,2500
Toyota,Alphard,2019,"Rp895,000,000",72000,Bensin,Automatic,2500
Toyota,Vellfire,2022,"Rp885,000,000",36000,Bensin,Automatic,2500
Toyota,Alphard,2022,"Rp885,000,000",36000,Bensin,Automatic,2500
Toyota,Alphard,2021,"Rp975,000,000",48000,Bensin,Automatic,2500
Toyota,Alphard,2022,"Rp885,000,000",36000,Bensin,Automatic,2500
Toyota,Alphard,2021,"Rp980,000,000",48000,Bensin,Automatic,2500
Toyota,Alphard,2023,"Rp900,000,000",24000,Bensin,Automatic,2500
Toyota,Sienta,2016,"Rp176,000,000",108000,Bensin,Manual,1500
Toyota,Fortuner,2012,"Rp250,000,000",156000,Diesel,Manual,2400
Toyota,Avanza,2015,"Rp116,000,000",120000,Bensin,Manual,1300
Toyota,Innova,2019,"Rp295,000,000",72000,Diesel,Manual,2000
Toyota,Alphard,2020,"Rp950,000,000",60000,Bensin,Automatic,2500
Toyota,Alphard,2024,"Rp959,000,000",12000,Bensin,Automatic,2500
Toyota,Voxy,2018,"Rp305,000,000",84000,Bensin,Automatic,2000
Toyota,Vellfire,2016,"Rp610,000,000",108000,Bensin,Automatic,2500
Toyota,Avanza,2021,"Rp220,000,000",48000,Bensin,Manual,1300
Toyota,Alphard,2017,"Rp669,000,000",96000,Bensin,Automatic,2500
Toyota,Alphard,2019,"Rp790,000,000",72000,Bensin,Automatic,2500
Toyota,Agya,2016,"Rp110,000,000",108000,Bensin,Manual,1200
Toyota,Sienta,2021,"Rp215,000,000",48000,Bensin,Manual,1500
Toyota,Innova,2010,"Rp112,000,000",180000,Diesel,Manual,2000
Toyota,Raize,2021,"Rp175,000,000",48000,Bensin,Manual,1000
Toyota,Yaris,2013,"Rp125,000,000",144000,Bensin,Manual,1500
Toyota,Alphard,2016,"Rp610,000,000",108000,Bensin,Automatic,2500
Toyota,Innova,2021,"Rp295,000,000",48000,Diesel,Manual,2000
Toyota,Innova,2022,"Rp335,000,000",36000,Diesel,Automatic,2000
Toyota,Innova,2022,"Rp535,000,000",36000,Diesel,Automatic,2000
Toyota,Innova,2012,"Rp135,000,000",156000,Diesel,Manual,2000
Toyota,Voxy,2018,"Rp300,000,000",84000,Bensin,Automatic,2000
Toyota,Alphard,2022,"Rp995,000,000",36000,Bensin,Automatic,2500
Toyota,Innova,2017,"Rp238,000,000",96000,Diesel,Manual,2000
Toyota,Alphard,2022,"Rp919,000,000",36000,Bensin,Automatic,2500
Toyota,Vellfire,2017,"Rp660,000,000",96000,Bensin,Automatic,2500
Toyota,Rush,2025,"Rp257,100,000",10000,Bensin,Manual,1500
Toyota,Vellfire,2018,"Rp685,000,000",84000,Bensin,Automatic,2500
Toyota,Voxy,2023,"Rp435,000,000",24000,Bensin,Automatic,2000
Toyota,Voxy,2023,"Rp433,000,000",24000,Bensin,Automatic,2000
Toyota,Yaris,2013,"Rp125,000,000",144000,Bensin,Manual,1500
Toyota,Vellfire,2013,"Rp268,000,000",144000,Bensin,Manual,2500
Toyota,Sienta,2017,"Rp150,000,000",96000,Bensin,Manual,1500
Toyota,Yaris,2012,"Rp120,000,000",156000,Bensin,Manual,1500
Toyota,Yaris,2008,"Rp83,000,000",204000,Bensin,Manual,1500
Toyota,Fortuner,2014,"Rp289,000,000",132000,Diesel,Manual,2400
Toyota,Avanza,2019,"Rp152,500,000",72000,Bensin,Manual,1300
Toyota,Innova,2014,"Rp165,000,000",132000,Diesel,Manual,2000
Toyota,Alphard,2024,"Rp959,000,000",12000,Bensin,Automatic,2500
Toyota,Fortuner,2015,"Rp287,000,000",120000,Diesel,Manual,2400
Toyota,Innova,2019,"Rp250,000,000",72000,Diesel,Manual,2000
Toyota,Raize,2022,"Rp183,900,000",36000,Bensin,Manual,1000
Toyota,Innova,2020,"Rp324,000,000",60000,Diesel,Automatic,2000
Toyota,Innova,2019,"Rp250,000,000",72000,Diesel,Manual,2000
Toyota,Alphard,2019,"Rp779,000,000",72000,Bensin,Automatic,2500
Toyota,Hilux,2024,"Rp448,000,000",12000,Diesel,Automatic,2400
Toyota,Innova,2017,"Rp355,000,000",96000,Diesel,Automatic,2000
Toyota,Calya,2017,"Rp105,000,000",96000,Bensin,Manual,1200
Toyota,Innova,2012,"Rp205,000,000",156000,Diesel,Manual,2000
Toyota,Avanza,2021,"Rp173,000,000",73150,Bensin,Automatic,1300
Toyota,Avanza,2019,"Rp165,000,000",91123,Bensin,Manual,1300
Toyota,Calya,2018,"Rp110,000,000",103000,Bensin,Automatic,1200
Toyota,Avanza,2018,"Rp140,000,000",100000,Bensin,Manual,1300
Toyota,Calya,2017,"Rp110,000,000",73000,Bensin,Automatic,1200
Toyota,Agya,2016,"Rp95,000,000",44035,Bensin,Automatic,1200
Toyota,Avanza,2016,"Rp145,000,000",120000,Bensin,Automatic,1300
Toyota,Avanza,2015,"Rp125,000,000",92000,Bensin,Manual,1300
Toyota,Avanza,2015,"Rp115,000,000",110000,Bensin,Manual,1300
Toyota,Avanza,2014,"Rp130,000,000",120000,Bensin,Automatic,1300
Toyota,Innova,2008,"Rp175,000,000",191225,Diesel,Manual,2000
Toyota,Agya,2024,"Rp173,000,000",9943,Bensin,Automatic,1200
Toyota,Fortuner,2024,"Rp680,000,000",26000,Diesel,Automatic,2400
Toyota,Avanza,2023,"Rp210,000,000",88407,Bensin,Automatic,1300
Toyota,Calya,2022,"Rp155,000,000",40000,Bensin,Automatic,1200
Toyota,Avanza,2022,"Rp176,000,000",42960,Bensin,Manual,1300
Toyota,Avanza,2022,"Rp245,000,000",36297,Bensin,Automatic,1300
Toyota,Calya,2021,"Rp120,000,000",70513,Bensin,Manual,1200
Toyota,Calya,2021,"Rp140,000,000",23000,Bensin,Automatic,1200
Toyota,Yaris,2021,"Rp235,000,000",44305,Bensin,Automatic,1500
Toyota,Innova,2021,"Rp349,000,000",60000,Diesel,Manual,2000
Toyota,Fortuner,2020,"Rp430,000,000",73702,Diesel,Manual,2400
Toyota,Calya,2019,"Rp107,000,000",42000,Bensin,Manual,1200
Toyota,Avanza,2019,"Rp140,000,000",71000,Bensin,Manual,1300
Toyota,Calya,2019,"Rp128,000,000",73541,Bensin,Automatic,1200
Toyota,Calya,2019,"Rp130,000,000",70000,Bensin,Automatic,1200
Toyota,Calya,2019,"Rp118,000,000",62185,Bensin,Automatic,1200
Toyota,Calya,2019,"Rp123,000,000",78000,Bensin,Automatic,1200
Toyota,Agya,2019,"Rp135,000,000",4676,Bensin,Automatic,1200
Toyota,Rush,2019,"Rp215,000,000",99000,Bensin,Manual,1500
Toyota,Avanza,2018,"Rp150,000,000",96807,Bensin,Automatic,1300
Toyota,Fortuner,2018,"Rp385,000,000",121358,Diesel,Automatic,2400
Toyota,Agya,2017,"Rp105,000,000",116000,Bensin,Automatic,1200
Toyota,Avanza,2017,"Rp130,000,000",145731,Bensin,Automatic,1300
Toyota,Avanza,2017,"Rp152,000,000",102000,Bensin,Automatic,1300
Toyota,Avanza,2017,"Rp170,000,000",86518,Bensin,Automatic,1300
Toyota,Fortuner,2017,"Rp345,000,000",64611,Bensin,Automatic,2400
Toyota,Avanza,2016,"Rp140,000,000",86000,Bensin,Automatic,1300
Toyota,Agya,2016,"Rp120,000,000",153258,Bensin,Manual,1200
Toyota,Avanza,2015,"Rp120,000,000",110086,Bensin,Manual,1300
Toyota,Agya,2015,"Rp88,000,000",167698,Bensin,Automatic,1200
Toyota,Avanza,2015,"Rp126,000,000",106846,Bensin,Automatic,1300
Toyota,Fortuner,2015,"Rp300,000,000",157703,Bensin,Automatic,2400
Toyota,Avanza,2014,"Rp125,000,000",172177,Bensin,Manual,1300
Toyota,Yaris,2013,"Rp120,000,000",112671,Bensin,Automatic,1500
Toyota,Avanza,2013,"Rp128,000,000",150408,Bensin,Manual,1300
Toyota,Innova,2013,"Rp165,000,000",128335,Bensin,Manual,2000
Toyota,Yaris,2012,"Rp140,000,000",99000,Bensin,Automatic,1500
Toyota,Avanza,2012,"Rp127,000,000",92000,Bensin,Automatic,1300
Toyota,Innova,2011,"Rp133,000,000",150223,Bensin,Manual,2000
Toyota,Innova,2010,"Rp120,000,000",161275,Bensin,Manual,2000
Toyota,Avanza,2024,"Rp275,000,000",14069,Bensin,Automatic,1300
Toyota,Avanza,2024,"Rp235,000,000",15778,Bensin,Automatic,1300
Toyota,Calya,2022,"Rp165,000,000",36288,Bensin,Automatic,1200
Toyota,Rush,2022,"Rp210,000,000",35000,Bensin,Automatic,1500
Toyota,Fortuner,2022,"Rp510,000,000",42787,Diesel,Automatic,2400
Toyota,Fortuner,2021,"Rp447,000,000",50000,Diesel,Automatic,2400
Toyota,Rush,2019,"Rp217,000,000",53191,Bensin,Manual,1500
Toyota,Fortuner,2019,"Rp410,000,000",110000,Diesel,Manual,2400
Toyota,Agya,2018,"Rp120,000,000",70000,Bensin,Automatic,1200
Toyota,Fortuner,2018,"Rp387,000,000",57000,Diesel,Automatic,2400
Toyota,Fortuner,2017,"Rp380,000,000",38000,Diesel,Manual,2400
Toyota,Innova,2016,"Rp260,000,000",137507,Bensin,Manual,2000
Toyota,Fortuner,2016,"Rp320,000,000",63169,Bensin,Automatic,2400
Toyota,Yaris,2014,"Rp120,000,000",62000,Bensin,Automatic,1500
Toyota,Fortuner,2013,"Rp245,000,000",105636,Diesel,Manual,2400
Toyota,Avanza,2017,"Rp127,000,000",90000,Bensin,Manual,1300
Toyota,Avanza,2017,"Rp150,000,000",130129,Bensin,Automatic,1300
Toyota,Avanza,2012,"Rp100,000,000",201000,Bensin,Manual,1300
Toyota,Rush,2025,"Rp202,000,000",82000,Bensin,Manual,1500
Toyota,Agya,2020,"Rp120,000,000",95000,Bensin,Manual,1200
Toyota,Avanza,2020,"Rp157,000,000",72534,Bensin,Manual,1300
Toyota,Avanza,2022,"Rp265,000,000",56000,Bensin,Automatic,1300
Toyota,Calya,2022,"Rp133,000,000",29048,Bensin,Automatic,1200
Toyota,Calya,2016,"Rp115,000,000",141799,Bensin,Automatic,1200
Toyota,Avanza,2017,"Rp157,000,000",142693,Bensin,Automatic,1300
Toyota,Avanza,2023,"Rp270,000,000",27966,Bensin,Automatic,1300
Toyota,Agya,2021,"Rp135,000,000",48000,Bensin,Automatic,1200
Toyota,Yaris,2022,"Rp120,000,000",125000,Bensin,Automatic,1500
Toyota,Avanza,2022,"Rp190,000,000",150000,Bensin,Manual,1300
Toyota,Avanza,2011,"Rp85,000,000",172638,Bensin,Automatic,1300
Toyota,Calya,2016,"Rp102,000,000",177000,Bensin,Automatic,1200
Toyota,Calya,2023,"Rp148,000,000",28521,Bensin,Manual,1200
Toyota,Avanza,2020,"Rp168,000,000",89000,Bensin,Manual,1300
Toyota,Calya,2019,"Rp128,000,000",53048,Bensin,Manual,1200
Toyota,Calya,2018,"Rp115,000,000",119826,Bensin,Manual,1200
Toyota,Agya,2016,"Rp103,000,000",86170,Bensin,Automatic,1200
Toyota,Calya,2020,"Rp133,000,000",53048,Bensin,Automatic,1200
Toyota,Agya,2016,"Rp100,000,000",116490,Bensin,Automatic,1200
Toyota,Alphard,2022,"Rp930,000,000",19000,Bensin,Automatic,2500
Toyota,Alphard,2011,"Rp310,000,000",156000,Bensin,Automatic,2500
Toyota,Alphard,2022,"Rp860,000,000",40837,Bensin,Automatic,2500
Toyota,Yaris,2023,"Rp364,000,000",16134,Bensin,Automatic,1500
Toyota,Voxy,2022,"Rp435,000,000",40517,Bensin,Automatic,2000
Toyota,Voxy,2022,"Rp450,000,000",38829,Bensin,Automatic,2000
Toyota,Alphard,2022,"Rp880,000,000",61000,Bensin,Automatic,2500
Toyota,Innova,2021,"Rp439,000,000",50000,Diesel,Automatic,2000
Toyota,Voxy,2020,"Rp325,000,000",63000,Bensin,Automatic,2000
Toyota,Innova,2018,"Rp385,000,000",90000,Diesel,Automatic,2000
Toyota,Innova,2017,"Rp275,000,000",60000,Bensin,Automatic,2000
Toyota,Voxy,2024,"Rp530,000,000",7715,Bensin,Automatic,2000
Toyota,Yaris,2023,"Rp370,000,000",25982,Bensin,Automatic,1500
Toyota,Voxy,2023,"Rp485,000,000",13000,Bensin,Automatic,2000
Toyota,Voxy,2022,"Rp480,000,000",9684,Bensin,Automatic,2000
Toyota,Innova,2022,"Rp390,000,000",12041,Bensin,Automatic,2000
Toyota,Vellfire,2021,"Rp860,000,000",15920,Bensin,Automatic,2500
Toyota,Innova,2016,"Rp230,000,000",84286,Bensin,Manual,2000
Toyota,Agya,2023,"Rp145,000,000",15000,Bensin,Automatic,1200
Toyota,Avanza,2023,"Rp245,000,000",23000,Bensin,Automatic,1300
Toyota,Avanza,2022,"Rp210,000,000",37000,Bensin,Automatic,1300
Toyota,Fortuner,2022,"Rp562,000,000",37000,Diesel,Automatic,2400
Toyota,Calya,2021,"Rp150,000,000",7860,Bensin,Manual,1200
Toyota,Calya,2020,"Rp140,000,000",69000,Bensin,Automatic,1200
Toyota,Avanza,2020,"Rp170,000,000",45000,Bensin,Automatic,1300
Toyota,Innova,2020,"Rp275,000,000",58000,Bensin,Manual,2000
Toyota,Fortuner,2020,"Rp472,000,000",35838,Diesel,Manual,2400
Toyota,Innova,2019,"Rp270,000,000",59376,Bensin,Manual,2000
Toyota,Innova,2019,"Rp265,000,000",67000,Bensin,Manual,2000
Toyota,Yaris,2019,"Rp210,000,000",64087,Bensin,Automatic,1500
Toyota,Innova,2019,"Rp255,000,000",52766,Bensin,Manual,2000
Toyota,Fortuner,2018,"Rp375,000,000",82000,Diesel,Automatic,2400
Toyota,Fortuner,2018,"Rp400,000,000",55000,Diesel,Automatic,2400
Toyota,Fortuner,2017,"Rp365,000,000",60000,Diesel,Automatic,2400
Toyota,Fortuner,2016,"Rp350,000,000",57000,Diesel,Manual,2400
Toyota,Yaris,2013,"Rp125,000,000",92000,Bensin,Automatic,1500
Toyota,Avanza,2011,"Rp80,000,000",1234,Bensin,Manual,1300
Toyota,Calya,2024,"Rp160,000,000",15000,Bensin,Automatic,1200
Toyota,Fortuner,2023,"Rp590,000,000",13000,Diesel,Automatic,2400
Toyota,Innova,2022,"Rp355,000,000",39000,Bensin,Manual,2000
Toyota,Rush,2021,"Rp240,000,000",33872,Bensin,Automatic,1500
Toyota,Fortuner,2021,"Rp460,000,000",66000,Diesel,Automatic,2400
Toyota,Fortuner,2021,"Rp430,000,000",86000,Diesel,Automatic,2400
Toyota,Agya,2020,"Rp145,000,000",42248,Bensin,Automatic,1200
Toyota,Fortuner,2020,"Rp505,000,000",56185,Diesel,Automatic,2400
Toyota,Fortuner,2018,"Rp340,000,000",104000,Diesel,Automatic,2400
Toyota,Fortuner,2017,"Rp375,000,000",77000,Diesel,Automatic,2400
Toyota,Innova,2013,"Rp170,000,000",148184,Bensin,Manual,2000
Toyota,Rush,2025,"Rp285,000,000",650,Bensin,Automatic,1500
Toyota,Avanza,2023,"Rp230,000,000",5000,Bensin,Automatic,1300
Toyota,Calya,2023,"Rp155,000,000",24000,Bensin,Automatic,1200
Toyota,Avanza,2023,"Rp265,000,000",16000,Bensin,Automatic,1300
Toyota,Calya,2022,"Rp147,000,000",75000,Bensin,Automatic,1200
Toyota,Yaris,2022,"Rp240,000,000",34000,Bensin,Automatic,1500
Toyota,Fortuner,2021,"Rp470,000,000",66000,Diesel,Manual,2400
Toyota,Rush,2020,"Rp225,000,000",40000,Bensin,Manual,1500
Toyota,Fortuner,2020,"Rp408,000,000",120921,Diesel,Manual,2400
Toyota,Calya,2016,"Rp110,000,000",83000,Bensin,Automatic,1200
Toyota,Avanza,2015,"Rp135,000,000",103000,Bensin,Automatic,1300
Toyota,Rush,2014,"Rp130,000,000",120000,Bensin,Manual,1500
Toyota,Yaris,2014,"Rp155,000,000",78000,Bensin,Automatic,1500
Toyota,Fortuner,2012,"Rp255,000,000",75000,Diesel,Manual,2400
Toyota,Fortuner,2007,"Rp130,000,000",168511,Bensin,Automatic,2400
Toyota,Avanza,2024,"Rp245,000,000",6000,Bensin,Automatic,1300
Toyota,Avanza,2024,"Rp240,000,000",14000,Bensin,Automatic,1300
Toyota,Innova,2021,"Rp275,000,000",42000,Bensin,Manual,2000
Toyota,Innova,2021,"Rp365,000,000",61000,Diesel,Manual,2000
Toyota,Fortuner,2021,"Rp480,000,000",32618,Diesel,Manual,2400
Toyota,Fortuner,2021,"Rp465,000,000",60000,Diesel,Automatic,2400
Toyota,Fortuner,2021,"Rp468,000,000",86986,Diesel,Manual,2400
Toyota,Rush,2019,"Rp195,000,000",95000,Bensin,Automatic,1500
Toyota,Innova,2019,"Rp305,000,000",78000,Diesel,Manual,2000
Toyota,Fortuner,2019,"Rp372,000,000",12345,Diesel,Manual,2400
Toyota,Innova,2016,"Rp255,000,000",71459,Bensin,Manual,2000
Toyota,Innova,2015,"Rp181,000,000",150000,Bensin,Manual,2000
Toyota,Fortuner,2024,"Rp580,000,000",13240,Diesel,Automatic,2400
Toyota,Innova,2022,"Rp323,000,000",32089,Bensin,Manual,2000
Toyota,Innova,2021,"Rp328,000,000",21000,Bensin,Manual,2000
Toyota,Alphard,2022,"Rp865,000,000",37250,Bensin,Automatic,2500
Toyota,Sienta,2021,"Rp185,000,000",25000,Bensin,Automatic,1497
Toyota,Alphard,2019,"Rp655,000,000",69082,Bensin,Automatic,2500
Toyota,Alphard,2015,"Rp680,000,000",38000,Bensin,Automatic,2500
Toyota,Alphard,2009,"Rp200,000,000",130000,Bensin,Automatic,2500
Toyota,Alphard,2024,"Rp1,555,000,000",100,Bensin,Automatic,2500
Toyota,Sienta,2021,"Rp180,000,000",21873,Bensin,Automatic,1500
Toyota,Alphard,2020,"Rp820,000,000",40840,Bensin,Automatic,2500
Toyota,Alphard,2017,"Rp600,000,000",76000,Bensin,Automatic,2500
Toyota,Alphard,2014,"Rp330,000,000",140000,Bensin,Automatic,2500
Toyota,Alphard,2013,"Rp195,000,000",80000,Bensin,Automatic,2500
Toyota,Yaris,2023,"Rp360,000,000",26000,Bensin,Automatic,1500
Toyota,Innova,2021,"Rp373,000,000",58000,Bensin,Automatic,2000
Toyota,Yaris,2023,"Rp355,000,000",28000,Bensin,Automatic,1500
Toyota,Vellfire,2021,"Rp840,000,000",23981,Bensin,Automatic,2500
Toyota,Voxy,2018,"Rp275,000,000",60000,Bensin,Automatic,2000
Toyota,Innova,2021,"Rp420,000,000",62000,Diesel,Manual,2000
Toyota,Agya,2024,"Rp175,000,000",4328,Bensin,Automatic,1200
Toyota,Avanza,2023,"Rp259,000,000",33000,Bensin,Automatic,1300
Toyota,Fortuner,2023,"Rp480,000,000",891,Diesel,Automatic,2400
Toyota,Rush,2022,"Rp235,000,000",23000,Bensin,Automatic,1500
Toyota,Rush,2022,"Rp213,000,000",66001,Bensin,Automatic,1500
Toyota,Innova,2022,"Rp430,000,000",48235,Diesel,Manual,2000
Toyota,Avanza,2021,"Rp220,000,000",50000,Bensin,Automatic,1300
Toyota,Fortuner,2021,"Rp450,000,000",38000,Bensin,Automatic,2400
Toyota,Fortuner,2021,"Rp493,000,000",55000,Diesel,Manual,2400
Toyota,Innova,2020,"Rp338,000,000",37037,Diesel,Manual,2000
Toyota,Calya,2019,"Rp120,000,000",60000,Bensin,Automatic,1200
Toyota,Rush,2019,"Rp218,000,000",42494,Bensin,Manual,1500
Toyota,Innova,2019,"Rp300,000,000",62000,Bensin,Manual,2000
Toyota,Avanza,2018,"Rp163,000,000",40000,Bensin,Automatic,1300
Toyota,Yaris,2018,"Rp185,000,000",53000,Bensin,Automatic,1500
Toyota,Avanza,2017,"Rp133,000,000",86119,Bensin,Automatic,1300
Toyota,Agya,2016,"Rp105,000,000",58000,Bensin,Automatic,1200
Toyota,Yaris,2016,"Rp166,000,000",90000,Bensin,Automatic,1500
Toyota,Yaris,2014,"Rp135,000,000",101834,Bensin,Automatic,1500
Toyota,Rush,2013,"Rp125,000,000",147000,Bensin,Automatic,1500
Toyota,Innova,2022,"Rp315,000,000",76280,Bensin,Manual,2000
Toyota,Rush,2022,"Rp220,000,000",85705,Bensin,Manual,1500
Toyota,Fortuner,2017,"Rp285,000,000",121545,Diesel,Manual,2400
Toyota,Rush,2021,"Rp215,000,000",92598,Bensin,Manual,1500
Toyota,Fortuner,2021,"Rp495,000,000",55225,Diesel,Automatic,2400
Toyota,Fortuner,2021,"Rp490,000,000",45132,Diesel,Automatic,2400
Toyota,Alphard,2023,"Rp105,000,000",15169,Bensin,Automatic,2500
Toyota,Alphard,2021,"Rp840,000,000",30000,Bensin,Automatic,2500
Toyota,Sienta,2018,"Rp185,000,000",59063,Bensin,Automatic,1497
Toyota,Alphard,2012,"Rp285,000,000",145000,Bensin,Automatic,2500
Toyota,Vellfire,2014,"Rp335,000,000",55000,Bensin,Automatic,2500
Toyota,Vellfire,2023,"Rp107,000,000",36000,Bensin,Manual,2500
Toyota,Voxy,2022,"Rp443,000,000",51000,Bensin,Automatic,2000
Toyota,Innova,2022,"Rp4,296,000,000",74876,Bensin,Automatic,2000
Toyota,Voxy,2022,"Rp460,000,000",16000,Bensin,Automatic,2000
Toyota,Innova,2022,"Rp498,000,000",43000,Diesel,Automatic,2000
Toyota,Innova,2022,"Rp493,000,000",48000,Diesel,Automatic,2000
Toyota,Vellfire,2013,"Rp298,000,000",101000,Bensin,Manual,2500
Toyota,Innova,2022,"Rp465,000,000",78013,Diesel,Automatic,2000
Toyota,Fortuner,2024,"Rp590,000,000",10000,Diesel,Automatic,2400
Toyota,Avanza,2023,"Rp235,000,000",10000,Bensin,Automatic,1300
Toyota,Agya,2022,"Rp142,000,000",28000,Bensin,Automatic,1200
Toyota,Innova,2022,"Rp328,000,000",86857,Bensin,Manual,2000
Toyota,Fortuner,2022,"Rp510,000,000",63292,Diesel,Automatic,2400
Toyota,Fortuner,2021,"Rp498,000,000",69813,Diesel,Automatic,2400
Toyota,Fortuner,2020,"Rp465,000,000",53000,Diesel,Manual,2400
Toyota,Innova,2019,"Rp335,000,000",46165,Diesel,Manual,2000
Toyota,Rush,2018,"Rp210,000,000",49000,Bensin,Manual,1500
Toyota,Fortuner,2020,"Rp435,000,000",99368,Diesel,Manual,2400
Toyota,Avanza,2023,"Rp270,000,000",6000,Bensin,Automatic,1300
Toyota,Avanza,2023,"Rp267,000,000",34000,Bensin,Automatic,1300
Toyota,Avanza,2022,"Rp217,000,000",30000,Bensin,Automatic,1300
Toyota,Avanza,2022,"Rp255,000,000",19000,Bensin,Automatic,1300
Toyota,Rush,2020,"Rp229,000,000",71000,Bensin,Manual,1500
Toyota,Rush,2018,"Rp190,000,000",80300,Bensin,Manual,1500
Toyota,Innova,2018,"Rp260,000,000",35000,Bensin,Manual,2000
Toyota,Rush,2018,"Rp218,000,000",53000,Bensin,Manual,1500
Toyota,Innova,2013,"Rp175,000,000",152094,Bensin,Manual,2000
Toyota,Yaris,2022,"Rp220,000,000",20000,Bensin,Automatic,1500
Toyota,Rush,2021,"Rp225,000,000",42000,Bensin,Manual,1500
Toyota,Innova,2021,"Rp350,000,000",76000,Diesel,Manual,2000
Toyota,Fortuner,2021,"Rp450,000,000",49000,Diesel,Manual,2400
Toyota,Fortuner,2021,"Rp505,000,000",29056,Diesel,Automatic,2400
Toyota,Yaris,2020,"Rp215,000,000",70000,Bensin,Automatic,1500
Toyota,Innova,2019,"Rp245,000,000",78000,Bensin,Manual,2000
Toyota,Fortuner,2017,"Rp320,000,000",50000,Diesel,Automatic,2400
Toyota,Innova,2017,"Rp245,000,000",12345,Bensin,Manual,2000
Toyota,Innova,2017,"Rp240,000,000",86000,Bensin,Manual,2000
Toyota,Innova,2017,"Rp250,000,000",88154,Bensin,Manual,2000
Toyota,Avanza,2023,"Rp255,000,000",35000,Bensin,Automatic,1300
Toyota,Avanza,2022,"Rp235,000,000",57000,Bensin,Automatic,1300
Toyota,Avanza,2022,"Rp270,000,000",37000,Bensin,Automatic,1300
Toyota,Innova,2022,"Rp375,000,000",8000,Diesel,Manual,2000
Toyota,Avanza,2021,"Rp215,000,000",47000,Bensin,Automatic,1300
Toyota,Fortuner,2020,"Rp440,000,000",72000,Diesel,Manual,2400
Toyota,Fortuner,2020,"Rp480,000,000",43000,Diesel,Manual,2400
Toyota,Fortuner,2019,"Rp435,000,000",91000,Diesel,Automatic,2400
Toyota,Fortuner,2015,"Rp245,000,000",150000,Diesel,Manual,2400
Toyota,Avanza,2024,"Rp280,000,000",10000,Bensin,Automatic,1300
Toyota,Avanza,2023,"Rp225,000,000",19000,Bensin,Automatic,1300
Toyota,Avanza,2022,"Rp185,000,000",40000,Bensin,Manual,1300
Toyota,Innova,2021,"Rp375,000,000",12345,Diesel,Manual,2000
Toyota,Innova,2020,"Rp300,000,000",41000,Bensin,Manual,2000
Toyota,Innova,2020,"Rp318,000,000",120071,Diesel,Manual,2000
Toyota,Fortuner,2020,"Rp445,000,000",41000,Diesel,Manual,2400
Toyota,Innova,2019,"Rp260,000,000",52000,Bensin,Manual,2000
Toyota,Fortuner,2019,"Rp425,000,000",74000,Diesel,Manual,2400
Toyota,Agya,2016,"Rp96,000,000",77000,Bensin,Automatic,1200
Toyota,Avanza,2016,"Rp147,000,000",91000,Bensin,Automatic,1300
Toyota,Fortuner,2022,"Rp535,000,000",35000,Diesel,Automatic,2400
Toyota,Rush,2021,"Rp225,000,000",36000,Bensin,Manual,1500
Toyota,Fortuner,2019,"Rp400,000,000",79000,Diesel,Automatic,2400
Toyota,Fortuner,2018,"Rp395,000,000",39000,Diesel,Automatic,2400
Toyota,Fortuner,2018,"Rp427,000,000",54000,Diesel,Manual,2400
Toyota,Innova,2016,"Rp258,000,000",149033,Bensin,Manual,2000
Toyota,Innova,2014,"Rp185,000,000",150517,Bensin,Manual,2000
Toyota,Avanza,2023,"Rp265,000,000",24000,Bensin,Automatic,1300
Toyota,Avanza,2022,"Rp219,000,000",36000,Bensin,Automatic,1300
Toyota,Innova,2022,"Rp310,000,000",67613,Bensin,Manual,2000
Toyota,Fortuner,2022,"Rp505,000,000",60402,Diesel,Automatic,2400
Toyota,Avanza,2021,"Rp210,000,000",45000,Bensin,Automatic,1300
Toyota,Yaris,2021,"Rp215,000,000",27000,Bensin,Automatic,1500
Toyota,Agya,2015,"Rp95,000,000",135000,Bensin,Automatic,1200
Toyota,Innova,2014,"Rp185,000,000",150517,Bensin,Manual,2000
Toyota,Avanza,2023,"Rp239,000,000",6000,Bensin,Automatic,1300
Toyota,Avanza,2023,"Rp260,000,000",24000,Bensin,Automatic,1300
Toyota,Avanza,2023,"Rp245,000,000",3000,Bensin,Automatic,1300
Toyota,Avanza,2022,"Rp216,000,000",19000,Bensin,Automatic,1300
Toyota,Avanza,2021,"Rp257,000,000",14000,Bensin,Automatic,1300
Toyota,Innova,2021,"Rp335,000,000",35000,Bensin,Manual,2000
Toyota,Innova,2019,"Rp264,000,000",79000,Bensin,Manual,2000
Toyota,Fortuner,2019,"Rp373,000,000",92000,Diesel,Manual,2400
Toyota,Yaris,2018,"Rp198,000,000",54000,Bensin,Automatic,1500
Toyota,Rush,2018,"Rp205,000,000",47000,Bensin,Manual,1500
Toyota,Innova,2011,"Rp210,000,000",140000,Diesel,Manual,2000
Toyota,Innova,2021,"Rp285,000,000",47000,Diesel,Manual,2000
Toyota,Rush,2018,"Rp190,000,000",70000,Bensin,Automatic,1500
Toyota,Sienta,2016,"Rp160,000,000",69000,Bensin,Automatic,1500
Toyota,Alphard,2011,"Rp210,000,000",133910,Bensin,Automatic,2500
Toyota,Alphard,2015,"Rp530,000,000",1234,Bensin,Automatic,2500
Toyota,Alphard,2022,"Rp975,000,000",23000,Bensin,Automatic,2500
Toyota,Alphard,2021,"Rp910,000,000",34000,Bensin,Automatic,2500
Toyota,Sienta,2017,"Rp158,000,000",54000,Bensin,Automatic,1500
Toyota,Alphard,2017,"Rp615,000,000",50000,Bensin,Automatic,2500
Toyota,Alphard,2012,"Rp255,000,000",88000,Bensin,Automatic,2500
Toyota,Alphard,2020,"Rp760,000,000",50000,Bensin,Automatic,2500
Toyota,Alphard,2022,"Rp890,000,000",29000,Bensin,Manual,2500
Toyota,Alphard,2018,"Rp670,000,000",78000,Bensin,Manual,2500
Toyota,Alphard,2016,"Rp610,000,000",39000,Bensin,Manual,2500
Toyota,Alphard,2021,"Rp970,000,000",50000,Bensin,Manual,2500
Toyota,Alphard,2012,"Rp265,000,000",72000,Bensin,Manual,2500
Toyota,Alphard,2023,"Rp115,000,000",27000,Bensin,Manual,2500
Toyota,Alphard,2019,"Rp740,000,000",25000,Bensin,Manual,2500
Toyota,Voxy,2018,"Rp300,000,000",97000,Bensin,Automatic,2000
Toyota,Yaris,2023,"Rp380,000,000",3000,Bensin,Automatic,1500
Toyota,Voxy,2018,"Rp339,000,000",36426,Bensin,Automatic,2000
Toyota,Yaris,2022,"Rp345,000,000",19000,Bensin,Automatic,1500
Toyota,Vellfire,2014,"Rp319,000,000",74000,Bensin,Automatic,2500
Toyota,Voxy,2023,"Rp505,000,000",12000,Bensin,Automatic,2000
Toyota,Voxy,2021,"Rp380,000,000",40000,Bensin,Automatic,2000
Toyota,Voxy,2021,"Rp345,000,000",66998,Bensin,Automatic,2000
Toyota,Vellfire,2017,"Rp575,000,000",69000,Bensin,Manual,2500
Toyota,Vellfire,2014,"Rp298,000,000",60000,Bensin,Automatic,2500
Toyota,Vellfire,2012,"Rp268,000,000",100000,Bensin,Manual,2500
Toyota,Voxy,2023,"Rp525,000,000",21000,Bensin,Automatic,2000
Toyota,Innova,2021,"Rp368,000,000",49000,Bensin,Automatic,2000
Toyota,Innova,2021,"Rp475,000,000",64000,Diesel,Automatic,2000
Toyota,Vellfire,2019,"Rp800,000,000",31000,Bensin,Manual,2500
Toyota,Voxy,2018,"Rp305,000,000",83000,Bensin,Automatic,2000
Toyota,Voxy,2022,"Rp475,000,000",22000,Bensin,Automatic,2000
Toyota,Voxy,2019,"Rp355,000,000",40000,Bensin,Automatic,2000
Toyota,Vellfire,2015,"Rp565,000,000",78000,Bensin,Automatic,2500
Toyota,Voxy,2022,"Rp445,000,000",37000,Bensin,Automatic,2000
Toyota,Innova,2017,"Rp250,000,000",132000,Bensin,Automatic,2000
Toyota,Avanza,2023,"Rp235,000,000",19000,Bensin,Automatic,1300
Toyota,Fortuner,2012,"Rp240,000,000",124098,Diesel,Manual,2400
Toyota,Fortuner,2025,"Rp640,000,000",4000,Diesel,Automatic,2400
Toyota,Avanza,2024,"Rp237,000,000",9000,Bensin,Manual,1300
Toyota,Rush,2024,"Rp290,000,000",1000,Bensin,Automatic,1500
Toyota,Innova,2024,"Rp410,000,000",14000,Diesel,Manual,2000
Toyota,Rush,2023,"Rp265,000,000",19000,Bensin,Automatic,1500
Toyota,Innova,2023,"Rp398,000,000",13000,Diesel,Manual,2000
Toyota,Agya,2022,"Rp162,000,000",38000,Bensin,Automatic,1200
Toyota,Yaris,2022,"Rp255,000,000",12000,Bensin,Automatic,1500
Toyota,Fortuner,2022,"Rp565,000,000",30000,Diesel,Automatic,2400
Toyota,Fortuner,2022,"Rp545,000,000",18000,Diesel,Automatic,2400
Toyota,Fortuner,2022,"Rp540,000,000",43000,Diesel,Automatic,2400
Toyota,Rush,2021,"Rp193,000,000",38000,Bensin,Manual,1500
Toyota,Avanza,2021,"Rp220,000,000",12000,Bensin,Automatic,1300
Toyota,Fortuner,2021,"Rp485,000,000",49000,Diesel,Manual,2400
Toyota,Fortuner,2016,"Rp370,000,000",54000,Diesel,Automatic,2400
Toyota,Fortuner,2023,"Rp550,000,000",40000,Diesel,Automatic,2400
Toyota,Avanza,2022,"Rp220,000,000",36000,Bensin,Automatic,1300
Toyota,Avanza,2022,"Rp275,000,000",39000,Bensin,Automatic,1300
Toyota,Fortuner,2022,"Rp530,000,000",53000,Diesel,Automatic,2400
Toyota,Fortuner,2022,"Rp644,000,000",55000,Diesel,Automatic,2400
Toyota,Yaris,2021,"Rp230,000,000",27000,Bensin,Automatic,1500
Toyota,Innova,2021,"Rp425,000,000",44000,Diesel,Manual,2000
Toyota,Calya,2019,"Rp127,000,000",109000,Bensin,Automatic,1200
Toyota,Fortuner,2019,"Rp407,000,000",67000,Diesel,Automatic,2400
Toyota,Innova,2019,"Rp390,000,000",34000,Diesel,Manual,2000
Toyota,Yaris,2016,"Rp155,000,000",35000,Bensin,Automatic,1500
Toyota,Avanza,2015,"Rp152,000,000",110000,Bensin,Automatic,1300
Toyota,Fortuner,2008,"Rp180,000,000",153393,Diesel,Manual,2400
Toyota,Rush,2022,"Rp253,000,000",19000,Bensin,Automatic,1500
Toyota,Fortuner,2022,"Rp455,000,000",50000,Diesel,Manual,2400
Toyota,Fortuner,2022,"Rp507,000,000",38000,Diesel,Automatic,2400
Toyota,Fortuner,2022,"Rp555,000,000",27000,Diesel,Automatic,2400
Toyota,Avanza,2021,"Rp215,000,000",48000,Bensin,Automatic,1300
Toyota,Innova,2021,"Rp300,000,000",63000,Bensin,Manual,2000
Toyota,Innova,2020,"Rp285,000,000",60000,Bensin,Manual,2000
Toyota,Innova,2018,"Rp260,000,000",12345,Bensin,Manual,2000
Toyota,Innova,2018,"Rp265,000,000",60000,Bensin,Manual,2000
Toyota,Fortuner,2016,"Rp340,000,000",100000,Diesel,Automatic,2400
Toyota,Yaris,2013,"Rp135,000,000",80000,Bensin,Automatic,1500
Toyota,Fortuner,2013,"Rp245,000,000",112000,Diesel,Manual,2400
Toyota,Rush,2011,"Rp128,000,000",118870,Bensin,Automatic,1500
Toyota,Avanza,2022,"Rp200,000,000",30000,Bensin,Manual,1300
Toyota,Avanza,2022,"Rp254,000,000",35000,Bensin,Automatic,1300
Toyota,Avanza,2019,"Rp187,000,000",25000,Bensin,Manual,1300
Toyota,Innova,2018,"Rp338,000,000",28461,Diesel,Manual,2000
Toyota,Fortuner,2018,"Rp417,000,000",47000,Diesel,Automatic,2400
Toyota,Avanza,2023,"Rp219,000,000",28000,Bensin,Automatic,1300
Toyota,Fortuner,2023,"Rp600,000,000",65000,Diesel,Automatic,2400
Toyota,Avanza,2022,"Rp257,000,000",36000,Bensin,Automatic,1300
Toyota,Avanza,2022,"Rp255,000,000",63000,Bensin,Automatic,1300
Toyota,Avanza,2022,"Rp260,000,000",26000,Bensin,Automatic,1300
Toyota,Fortuner,2022,"Rp520,000,000",53000,Diesel,Automatic,2400
Toyota,Fortuner,2022,"Rp498,000,000",58173,Diesel,Automatic,2400
Toyota,Fortuner,2022,"Rp582,000,000",28000,Diesel,Automatic,2400
Toyota,Fortuner,2022,"Rp630,000,000",53000,Diesel,Automatic,2400
Toyota,Avanza,2021,"Rp260,000,000",16000,Bensin,Automatic,1300
Toyota,Avanza,2020,"Rp190,000,000",46000,Bensin,Manual,1300
Toyota,Avanza,2017,"Rp167,000,000",55000,Bensin,Automatic,1300
Toyota,Calya,2023,"Rp163,000,000",8000,Bensin,Automatic,1200
Toyota,Agya,2023,"Rp165,000,000",25000,Bensin,Automatic,1200
Toyota,Rush,2023,"Rp250,000,000",19000,Bensin,Automatic,1500
Toyota,Calya,2022,"Rp150,000,000",12000,Bensin,Manual,1200
Toyota,Avanza,2022,"Rp250,000,000",40000,Bensin,Automatic,1300
Toyota,Rush,2022,"Rp255,000,000",18000,Bensin,Automatic,1500
Toyota,Innova,2022,"Rp295,000,000",61000,Bensin,Manual,2000
Toyota,Fortuner,2022,"Rp525,000,000",58000,Diesel,Automatic,2400
Toyota,Innova,2021,"Rp308,000,000",55000,Bensin,Manual,2000
Toyota,Fortuner,2021,"Rp500,000,000",45000,Diesel,Manual,2400
Toyota,Fortuner,2019,"Rp395,000,000",40000,Bensin,Automatic,2400
Toyota,Avanza,2023,"Rp268,000,000",19000,Bensin,Automatic,1300
Toyota,Avanza,2022,"Rp213,000,000",70000,Bensin,Automatic,1300
Toyota,Fortuner,2022,"Rp475,000,000",39000,Diesel,Automatic,2400
Toyota,Avanza,2021,"Rp229,000,000",69000,Bensin,Automatic,1300
Toyota,Fortuner,2021,"Rp452,000,000",1234,Diesel,Manual,2400
Toyota,Avanza,2020,"Rp175,000,000",54000,Bensin,Automatic,1300
Toyota,Rush,2017,"Rp170,000,000",111895,Bensin,Manual,1500
Toyota,Avanza,2016,"Rp125,000,000",12345,Bensin,Automatic,1300
Toyota,Yaris,2016,"Rp160,000,000",123000,Bensin,Automatic,1500
Toyota,Yaris,2016,"Rp169,000,000",55000,Bensin,Automatic,1500
Toyota,Yaris,2015,"Rp135,000,000",130000,Bensin,Automatic,1500
Toyota,Innova,2015,"Rp330,000,000",88692,Diesel,Manual,2000
Toyota,Fortuner,2014,"Rp238,000,000",120916,Diesel,Manual,2400
Toyota,Innova,2011,"Rp142,000,000",82000,Bensin,Manual,2000
Toyota,Innova,2011,"Rp135,000,000",185000,Bensin,Manual,2000
Toyota,Rush,2022,"Rp248,000,000",42000,Bensin,Automatic,1500
Toyota,Fortuner,2022,"Rp530,000,000",55000,Diesel,Automatic,2400
Toyota,Fortuner,2022,"Rp539,000,000",31000,Diesel,Automatic,2400
Toyota,Fortuner,2022,"Rp585,000,000",27000,Diesel,Automatic,2400
Toyota,Rush,2019,"Rp220,000,000",65000,Bensin,Automatic,1500
Toyota,Innova,2018,"Rp280,000,000",138000,Bensin,Manual,2000
Toyota,Fortuner,2018,"Rp395,000,000",57000,Diesel,Manual,2400
Toyota,Fortuner,2017,"Rp350,000,000",90000,Diesel,Automatic,2400
Toyota,Fortuner,2017,"Rp395,000,000",54000,Diesel,Automatic,2400
Toyota,Innova,2016,"Rp220,000,000",86000,Bensin,Manual,2000
Toyota,Innova,2016,"Rp278,000,000",85203,Bensin,Manual,2000
Toyota,Fortuner,2011,"Rp205,000,000",65000,Bensin,Automatic,2400
Toyota,Avanza,2022,"Rp203,000,000",30000,Bensin,Manual,1300
Toyota,Avanza,2022,"Rp258,000,000",44000,Bensin,Automatic,1300
Toyota,Fortuner,2022,"Rp550,000,000",13000,Diesel,Automatic,2400
Toyota,Calya,2021,"Rp143,000,000",89000,Bensin,Manual,1200
Toyota,Fortuner,2021,"Rp530,000,000",11000,Diesel,Manual,2400
Toyota,Fortuner,2020,"Rp428,000,000",68000,Diesel,Manual,2400
Toyota,Innova,2019,"Rp279,000,000",41000,Bensin,Manual,2000
Toyota,Innova,2019,"Rp315,000,000",77000,Bensin,Manual,2000
Toyota,Fortuner,2019,"Rp490,000,000",62000,Diesel,Automatic,2400
Toyota,Innova,2018,"Rp305,000,000",51439,Diesel,Manual,2000
Toyota,Agya,2016,"Rp110,000,000",109297,Bensin,Automatic,1200
Toyota,Avanza,2016,"Rp142,000,000",72000,Bensin,Manual,1300
Toyota,Yaris,2014,"Rp157,000,000",105000,Bensin,Automatic,1500
Toyota,Yaris,2013,"Rp133,000,000",159000,Bensin,Automatic,1500
Toyota,Yaris,2012,"Rp140,000,000",98000,Bensin,Automatic,1500
Toyota,Fortuner,2022,"Rp505,000,000",41909,Diesel,Automatic,2400
Toyota,Agya,2024,"Rp177,000,000",8000,Bensin,Automatic,1200
Toyota,Yaris,2021,"Rp232,000,000",23000,Bensin,Automatic,1500
Toyota,Avanza,2020,"Rp179,000,000",58000,Bensin,Automatic,1300
Toyota,Avanza,2019,"Rp173,000,000",78000,Bensin,Automatic,1300
Toyota,Fortuner,2019,"Rp380,000,000",77000,Diesel,Automatic,2400
Toyota,Yaris,2015,"Rp163,000,000",107000,Bensin,Automatic,1500
Toyota,Innova,2015,"Rp313,000,000",86000,Diesel,Manual,2000
Toyota,Avanza,2024,"Rp285,000,000",11000,Bensin,Automatic,1300
Toyota,Rush,2024,"Rp275,000,000",6969,Bensin,Automatic,1500
Toyota,Avanza,2023,"Rp227,000,000",14000,Bensin,Automatic,1300
Toyota,Avanza,2023,"Rp263,000,000",39000,Bensin,Automatic,1300
Toyota,Innova,2022,"Rp350,000,000",44000,Bensin,Manual,2000
Toyota,Avanza,2021,"Rp200,000,000",48000,Bensin,Automatic,1300
Toyota,Fortuner,2021,"Rp515,000,000",16000,Diesel,Automatic,2400
Toyota,Fortuner,2021,"Rp498,000,000",47897,Diesel,Automatic,2400
Toyota,Innova,2019,"Rp281,000,000",50000,Bensin,Manual,2000
Toyota,Innova,2019,"Rp295,000,000",53000,Bensin,Manual,2000
Toyota,Avanza,2016,"Rp140,000,000",106000,Bensin,Manual,1300
Toyota,Yaris,2016,"Rp185,000,000",43000,Bensin,Automatic,1500
Toyota,Innova,2016,"Rp247,000,000",109000,Bensin,Manual,2000
Toyota,Innova,2016,"Rp318,000,000",131575,Diesel,Manual,2000
Toyota,Avanza,2015,"Rp137,000,000",159000,Bensin,Manual,1300
Toyota,Rush,2015,"Rp155,000,000",89000,Bensin,Automatic,1500
Toyota,Yaris,2015,"Rp177,000,000",76000,Bensin,Automatic,1500
Toyota,Yaris,2013,"Rp155,000,000",76000,Bensin,Automatic,1500
Toyota,Fortuner,2023,"Rp530,000,000",24000,Diesel,Automatic,2400
Toyota,Avanza,2022,"Rp219,000,000",50000,Bensin,Automatic,1300
Toyota,Yaris,2020,"Rp220,000,000",56000,Bensin,Automatic,1500
Toyota,Yaris,2020,"Rp219,000,000",47000,Bensin,Automatic,1500
Toyota,Yaris,2017,"Rp179,000,000",68000,Bensin,Automatic,1500
Toyota,Agya,2016,"Rp105,000,000",67000,Bensin,Automatic,1200
Toyota,Innova,2016,"Rp240,000,000",98472,Bensin,Manual,2000
Toyota,Rush,2015,"Rp147,000,000",107000,Bensin,Automatic,1500
Toyota,Avanza,2013,"Rp120,000,000",118000,Bensin,Automatic,1300
Toyota,Yaris,2013,"Rp123,000,000",117000,Bensin,Automatic,1500
Toyota,Innova,2012,"Rp228,000,000",1234,Diesel,Manual,2000
Toyota,Rush,2021,"Rp218,000,000",52000,Bensin,Automatic,1500
Toyota,Rush,2021,"Rp265,000,000",30000,Bensin,Automatic,1500
Toyota,Yaris,2021,"Rp238,000,000",46000,Bensin,Automatic,1500
Toyota,Avanza,2021,"Rp245,000,000",43000,Bensin,Automatic,1300
Toyota,Fortuner,2021,"Rp478,000,000",99301,Diesel,Manual,2400
Toyota,Yaris,2020,"Rp207,000,000",65000,Bensin,Automatic,1500
Toyota,Yaris,2020,"Rp192,000,000",65000,Bensin,Automatic,1500
Toyota,Fortuner,2020,"Rp410,000,000",87000,Diesel,Manual,2400
Toyota,Innova,2016,"Rp290,000,000",99000,Diesel,Manual,2000
Toyota,Yaris,2012,"Rp145,000,000",106000,Bensin,Automatic,1500
Toyota,Yaris,2011,"Rp118,000,000",109000,Bensin,Automatic,1500
Toyota,Agya,2024,"Rp187,000,000",4000,Bensin,Automatic,1200
Toyota,Calya,2023,"Rp157,000,000",13289,Bensin,Automatic,1200
Toyota,Avanza,2023,"Rp287,000,000",1500,Bensin,Automatic,1300
Toyota,Avanza,2023,"Rp256,000,000",28000,Bensin,Automatic,1300
Toyota,Avanza,2022,"Rp239,000,000",20000,Bensin,Automatic,1300
Toyota,Rush,2022,"Rp259,000,000",26000,Bensin,Automatic,1500
Toyota,Rush,2021,"Rp229,000,000",33000,Bensin,Automatic,1500
Toyota,Rush,2021,"Rp248,000,000",45000,Bensin,Automatic,1500
Toyota,Innova,2021,"Rp278,000,000",31000,Bensin,Manual,2000
Toyota,Fortuner,2021,"Rp475,000,000",40000,Diesel,Manual,2400
Toyota,Fortuner,2021,"Rp510,000,000",47000,Diesel,Manual,2400
Toyota,Innova,2020,"Rp288,000,000",45000,Bensin,Manual,2000
Toyota,Innova,2020,"Rp355,000,000",40000,Diesel,Manual,2000
Toyota,Innova,2020,"Rp325,000,000",83000,Diesel,Manual,2000
Toyota,Fortuner,2020,"Rp448,000,000",38000,Diesel,Automatic,2400
Toyota,Avanza,2019,"Rp180,000,000",86614,Bensin,Automatic,1300
Toyota,Avanza,2019,"Rp152,000,000",89000,Bensin,Automatic,1300
Toyota,Rush,2019,"Rp195,000,000",53000,Bensin,Automatic,1500
Toyota,Calya,2018,"Rp117,000,000",86000,Bensin,Automatic,1200
Toyota,Agya,2018,"Rp125,000,000",34000,Bensin,Automatic,1200
Toyota,Calya,2018,"Rp125,000,000",132000,Bensin,Automatic,1200
Toyota,Rush,2018,"Rp196,000,000",104000,Bensin,Automatic,1500
Toyota,Fortuner,2017,"Rp373,000,000",79000,Diesel,Automatic,2400
Toyota,Yaris,2016,"Rp175,000,000",55000,Bensin,Automatic,1500
Toyota,Yaris,2016,"Rp172,000,000",55000,Bensin,Automatic,1500
Toyota,Yaris,2011,"Rp121,000,000",100000,Bensin,Automatic,1500
Toyota,Innova,2023,"Rp595,000,000",52000,Bensin,Manual,2000
Toyota,Agya,2022,"Rp148,000,000",69538,Bensin,Automatic,1200
Toyota,Avanza,2022,"Rp230,000,000",40000,Bensin,Automatic,1300
Toyota,Innova,2022,"Rp349,000,000",22000,Bensin,Manual,2000
Toyota,Calya,2021,"Rp145,000,000",17000,Bensin,Manual,1200
Toyota,Rush,2021,"Rp235,000,000",16709,Bensin,Automatic,1500
Toyota,Innova,2021,"Rp335,000,000",46000,Bensin,Manual,2000
Toyota,Innova,2021,"Rp320,000,000",50000,Bensin,Manual,2000
Toyota,Innova,2021,"Rp368,000,000",83829,Diesel,Manual,2000
Toyota,Innova,2020,"Rp280,000,000",108000,Bensin,Manual,2000
Toyota,Innova,2020,"Rp390,000,000",70000,Diesel,Manual,2000
Toyota,Innova,2019,"Rp258,000,000",120000,Bensin,Manual,2000
Toyota,Innova,2019,"Rp325,000,000",90000,Diesel,Manual,2000
Toyota,Calya,2018,"Rp110,000,000",49000,Bensin,Manual,1200
Toyota,Innova,2016,"Rp245,000,000",168000,Bensin,Manual,2000
Toyota,Yaris,2015,"Rp158,000,000",55003,Bensin,Automatic,1500
Toyota,Rush,2015,"Rp152,000,000",77000,Bensin,Automatic,1500
Toyota,Innova,2014,"Rp165,000,000",184000,Bensin,Manual,2000
Toyota,Rush,2014,"Rp155,000,000",158000,Bensin,Automatic,1500
Toyota,Avanza,2014,"Rp130,000,000",110000,Bensin,Automatic,1300
Toyota,Innova,2014,"Rp178,000,000",91000,Bensin,Manual,2000
Toyota,Fortuner,2013,"Rp265,000,000",137000,Diesel,Manual,2400
Toyota,Fortuner,2011,"Rp200,000,000",123000,Diesel,Automatic,2400
Toyota,Innova,2021,"Rp368,000,000",69138,Diesel,Manual,2000
Toyota,Innova,2018,"Rp290,000,000",108000,Diesel,Manual,2000
Toyota,Rush,2022,"Rp237,000,000",23000,Bensin,Automatic,1500
Toyota,Innova,2021,"Rp335,000,000",82000,Diesel,Manual,2000
Toyota,Innova,2021,"Rp359,000,000",35000,Bensin,Manual,2000
Toyota,Innova,2020,"Rp328,000,000",85192,Diesel,Manual,2000
Toyota,Innova,2019,"Rp265,000,000",90000,Bensin,Manual,2000
Toyota,Innova,2019,"Rp312,000,000",35000,Bensin,Manual,2000
Toyota,Fortuner,2019,"Rp435,000,000",49000,Bensin,Automatic,2400
Toyota,Yaris,2018,"Rp208,000,000",19000,Bensin,Automatic,1500
Toyota,Avanza,2018,"Rp185,000,000",62000,Bensin,Manual,1300
Toyota,Innova,2017,"Rp266,000,000",77000,Bensin,Manual,2000
Toyota,Fortuner,2017,"Rp369,000,000",90000,Diesel,Automatic,2400
Toyota,Fortuner,2017,"Rp405,000,000",74000,Diesel,Manual,2400
Toyota,Rush,2016,"Rp182,000,000",119000,Bensin,Automatic,1500
Toyota,Innova,2016,"Rp299,000,000",18000,Bensin,Manual,2000
Toyota,Innova,2013,"Rp212,000,000",200000,Bensin,Manual,2000
Toyota,Fortuner,2010,"Rp208,000,000",180100,Diesel,Manual,2400
Toyota,Avanza,2024,"Rp2,125,000,000",2116,Bensin,Manual,1300
Toyota,Avanza,2024,"Rp2,155,000,000",2379,Bensin,Manual,1300
Toyota,Innova,2014,"Rp169,000,000",41000,Bensin,Manual,2000
Toyota,Avanza,2008,"Rp90,000,000",350709,Bensin,Manual,1300
Toyota,Calya,2024,"Rp160,000,000",12570,Bensin,Manual,1200
Toyota,Avanza,2024,"Rp205,000,000",27599,Bensin,Manual,1300
Toyota,Agya,2023,"Rp188,000,000",7604,Bensin,Automatic,1200
Toyota,Fortuner,2023,"Rp507,000,000",9000,Diesel,Automatic,2400
Toyota,Fortuner,2023,"Rp524,000,000",23465,Diesel,Automatic,2400
Toyota,Avanza,2022,"Rp2,195,000,000",4399,Bensin,Manual,1300
Toyota,Yaris,2021,"Rp236,000,000",58000,Bensin,Automatic,1500
Toyota,Rush,2021,"Rp247,000,000",30000,Bensin,Automatic,1500
Toyota,Innova,2018,"Rp258,000,000",110472,Bensin,Manual,2000
Toyota,Calya,2016,"Rp105,000,000",92000,Bensin,Manual,1200
Toyota,Fortuner,2015,"Rp295,000,000",91000,Diesel,Manual,2400
Toyota,Rush,2013,"Rp159,000,000",36000,Bensin,Automatic,1500
Toyota,Avanza,2009,"Rp112,000,000",65000,Bensin,Manual,1300
Toyota,Innova,2008,"Rp118,000,000",197652,Bensin,Manual,2000
Toyota,Innova,2022,"Rp357,000,000",27000,Bensin,Manual,2000
Toyota,Avanza,2021,"Rp219,000,000",16000,Bensin,Manual,1300
Toyota,Rush,2021,"Rp245,000,000",11000,Bensin,Automatic,1500
Toyota,Innova,2021,"Rp338,000,000",56000,Bensin,Manual,2000
Toyota,Fortuner,2019,"Rp425,000,000",78000,Diesel,Manual,2400
Toyota,Fortuner,2017,"Rp388,000,000",98288,Diesel,Automatic,2400
Toyota,Rush,2022,"Rp250,000,000",83131,Bensin,Automatic,1500
Toyota,Innova,2022,"Rp440,000,000",35000,Diesel,Manual,2000
Toyota,Yaris,2021,"Rp243,000,000",20000,Bensin,Automatic,1500
Toyota,Innova,2020,"Rp309,000,000",55000,Bensin,Manual,2000
Toyota,Rush,2019,"Rp223,000,000",30000,Bensin,Automatic,1500
Toyota,Fortuner,2019,"Rp436,000,000",67000,Diesel,Automatic,2400
